SubjID,Block,Num,EventCode,Response,Answer,Correct
1231,1,1,14,6,6,TRUE
1231,1,2,42,13,13,TRUE
1231,1,3,24,9,9,TRUE
1231,1,4,58,17,17,TRUE
1231,1,5,114,-,77,FALSE
1231,1,6,61,47,47,TRUE
1231,1,7,1,2,2,TRUE
1231,1,8,57,17,17,TRUE
1231,1,9,68,86,86,TRUE
1231,1,10,78,92,92,TRUE
1231,1,11,119,79,73,FALSE
1231,1,12,64,68,68,TRUE
1231,1,13,92,82,82,TRUE
1231,1,14,105,34,34,TRUE
1231,1,15,53,16,16,TRUE
1231,1,16,23,9,9,TRUE
1231,1,17,63,69,69,TRUE
1231,1,18,111,94,94,TRUE
1231,1,19,36,12,12,TRUE
1231,1,20,11,6,6,TRUE
1231,2,1,73,42,42,TRUE
1231,2,2,20,8,8,TRUE
1231,2,3,6,4,4,TRUE
1231,2,4,115,71,71,TRUE
1231,2,5,82,69,69,TRUE
1231,2,6,66,66,66,TRUE
1231,2,7,65,74,74,TRUE
1231,2,8,120,73,73,TRUE
1231,2,9,80,56,56,TRUE
1231,2,10,28,10,10,TRUE
1231,2,11,117,71,71,TRUE
1231,2,12,93,56,64,FALSE
1231,2,13,33,11,11,TRUE
1231,2,14,38,12,12,TRUE
1231,2,15,12,6,6,TRUE
1231,2,16,48,14,14,TRUE
1231,2,17,34,11,11,TRUE
1231,2,18,32,11,11,TRUE
1231,2,19,108,34,84,FALSE
1231,2,20,21,8,8,TRUE
1231,3,1,102,74,74,TRUE
1231,3,2,98,72,72,TRUE
1231,3,3,70,68,68,TRUE
1231,3,4,47,14,14,TRUE
1231,3,5,77,94,94,TRUE
1231,3,6,17,7,7,TRUE
1231,3,7,15,7,7,TRUE
1231,3,8,56,16,16,TRUE
1231,3,9,59,18,18,TRUE
1231,3,10,31,11,11,TRUE
1231,3,11,75,64,64,TRUE
1231,3,12,94,82,82,TRUE
1231,3,13,62,77,77,TRUE
1231,3,14,96,74,54,FALSE
1231,3,15,116,62,65,FALSE
1231,3,16,41,13,13,TRUE
1231,3,17,29,10,10,TRUE
1231,3,18,3,3,3,TRUE
1231,3,19,26,9,9,TRUE
1231,3,20,83,87,87,TRUE
1231,4,1,88,59,59,TRUE
1231,4,2,89,79,79,TRUE
1231,4,3,10,5,5,TRUE
1231,4,4,51,15,15,TRUE
1231,4,5,4,4,4,TRUE
1231,4,6,39,12,12,TRUE
1231,4,7,110,72,72,TRUE
1231,4,8,91,82,82,TRUE
1231,4,9,107,62,62,TRUE
1231,4,10,71,78,78,TRUE
1231,4,11,16,7,7,TRUE
1231,4,12,74,66,66,TRUE
1231,4,13,45,14,14,TRUE
1231,4,14,104,64,64,TRUE
1231,4,15,52,15,15,TRUE
1231,4,16,84,67,67,TRUE
1231,4,17,37,12,12,TRUE
1231,4,18,18,7,7,TRUE
1231,4,19,8,5,5,TRUE
1231,4,20,97,76,76,TRUE
1231,5,1,35,12,12,TRUE
1231,5,2,76,68,68,TRUE
1231,5,3,22,8,8,TRUE
1231,5,4,19,8,8,TRUE
1231,5,5,9,5,5,TRUE
1231,5,6,90,59,59,TRUE
1231,5,7,49,15,15,TRUE
1231,5,8,46,14,14,TRUE
1231,5,9,43,13,13,TRUE
1231,5,10,100,66,66,TRUE
1231,5,11,86,73,73,TRUE
1231,5,12,2,3,3,TRUE
1231,5,13,118,67,67,TRUE
1231,5,14,99,82,82,TRUE
1231,5,15,113,72,72,TRUE
1231,5,16,40,13,13,TRUE
1231,5,17,101,72,72,TRUE
1231,5,18,69,48,48,TRUE
1231,5,19,72,58,58,TRUE
1231,5,20,13,6,6,TRUE
1231,6,1,79,44,44,TRUE
1231,6,2,85,69,69,TRUE
1231,6,3,25,9,9,TRUE
1231,6,4,103,58,58,TRUE
1231,6,5,44,14,14,TRUE
1231,6,6,81,65,65,TRUE
1231,6,7,30,10,10,TRUE
1231,6,8,112,72,72,TRUE
1231,6,9,5,4,4,TRUE
1231,6,10,27,10,10,TRUE
1231,6,11,50,15,15,TRUE
1231,6,12,7,5,5,TRUE
1231,6,13,67,56,56,TRUE
1231,6,14,55,16,16,TRUE
1231,6,15,106,56,56,TRUE
1231,6,16,109,52,52,TRUE
1231,6,17,60,18,18,TRUE
1231,6,18,95,72,72,TRUE
1231,6,19,54,16,16,TRUE
1231,6,20,87,69,69,TRUE
1231,7,1,210,59,59,TRUE
1231,7,2,122,3,3,TRUE
1231,7,3,186,66,66,TRUE
1231,7,4,156,12,12,TRUE
1231,7,5,145,9,9,TRUE
1231,7,6,236,65,65,TRUE
1231,7,7,175,16,16,TRUE
1231,7,8,208,59,59,TRUE
1231,7,9,171,15,15,TRUE
1231,7,10,225,34,34,TRUE
1231,7,11,228,84,84,TRUE
1231,7,12,159,12,12,TRUE
1231,7,13,167,14,14,TRUE
1231,7,14,206,73,73,TRUE
1231,7,15,149,10,10,TRUE
1231,7,16,125,4,4,TRUE
1231,7,17,137,7,7,TRUE
1231,7,18,182,77,77,TRUE
1231,7,19,222,74,74,TRUE
1231,7,20,217,76,76,TRUE
1231,8,1,154,11,11,TRUE
1231,8,2,203,87,87,TRUE
1231,8,3,126,4,4,TRUE
1231,8,4,215,72,72,TRUE
1231,8,5,178,17,17,TRUE
1231,8,6,204,67,67,TRUE
1231,8,7,151,11,11,TRUE
1231,8,8,162,13,13,TRUE
1231,8,9,192,58,58,TRUE
1231,8,10,223,58,58,TRUE
1231,8,11,231,94,94,TRUE
1231,8,12,127,5,5,TRUE
1231,8,13,129,5,5,TRUE
1231,8,14,133,6,6,TRUE
1231,8,15,142,8,8,TRUE
1231,8,16,179,18,18,TRUE
1231,8,17,197,94,94,TRUE
1231,8,18,233,72,72,TRUE
1231,8,19,219,82,82,TRUE
1231,8,20,207,69,69,TRUE
1231,9,1,161,13,13,TRUE
1231,9,2,176,16,16,TRUE
1231,9,3,224,64,64,TRUE
1231,9,4,152,11,11,TRUE
1231,9,5,169,15,15,TRUE
1231,9,6,202,69,69,TRUE
1231,9,7,188,86,86,TRUE
1231,9,8,220,66,66,TRUE
1231,9,9,237,71,71,TRUE
1231,9,10,121,2,2,TRUE
1231,9,11,139,8,8,TRUE
1231,9,12,190,68,68,TRUE
1231,9,13,201,65,65,TRUE
1231,9,14,191,78,78,TRUE
1231,9,15,136,7,7,TRUE
1231,9,16,143,9,9,TRUE
1231,9,17,173,16,16,TRUE
1231,9,18,212,72,82,FALSE
1231,9,19,211,82,82,TRUE
1231,9,20,141,8,8,TRUE
1231,10,1,214,82,82,TRUE
1231,10,2,187,56,56,TRUE
1231,10,3,163,13,13,TRUE
1231,10,4,218,72,72,TRUE
1231,10,5,148,10,10,TRUE
1231,10,6,166,14,14,TRUE
1231,10,7,189,48,48,TRUE
1231,10,8,165,14,14,TRUE
1231,10,9,146,9,9,TRUE
1231,10,10,205,69,69,TRUE
1231,10,11,168,14,14,TRUE
1231,10,12,193,42,42,TRUE
1231,10,13,239,73,73,TRUE
1231,10,14,150,10,10,TRUE
1231,10,15,198,92,92,TRUE
1231,10,16,174,16,16,TRUE
1231,10,17,229,52,52,TRUE
1231,10,18,128,5,5,TRUE
1231,10,19,235,71,71,TRUE
1231,10,20,138,7,7,TRUE
1231,11,1,199,44,44,TRUE
1231,11,2,172,15,15,TRUE
1231,11,3,234,77,77,TRUE
1231,11,4,123,3,3,TRUE
1231,11,5,135,7,7,TRUE
1231,11,6,155,12,12,TRUE
1231,11,7,181,47,47,TRUE
1231,11,8,238,67,67,TRUE
1231,11,9,195,64,64,TRUE
1231,11,10,213,64,64,TRUE
1231,11,11,194,66,66,TRUE
1231,11,12,160,13,13,TRUE
1231,11,13,130,5,5,TRUE
1231,11,14,221,72,72,TRUE
1231,11,15,147,10,10,TRUE
1231,11,16,232,72,72,TRUE
1231,11,17,153,11,11,TRUE
1231,11,18,196,68,68,TRUE
1231,11,19,131,6,6,TRUE
1231,11,20,177,17,17,TRUE
1231,12,1,144,9,9,TRUE
1231,12,2,209,79,79,TRUE
1231,12,3,226,56,56,TRUE
1231,12,4,183,69,69,TRUE
1231,12,5,200,56,56,TRUE
1231,12,6,216,54,54,TRUE
1231,12,7,164,14,14,TRUE
1231,12,8,180,18,18,TRUE
1231,12,9,132,6,6,TRUE
1231,12,10,124,4,4,TRUE
1231,12,11,230,72,72,TRUE
1231,12,12,134,6,6,TRUE
1231,12,13,227,62,62,TRUE
1231,12,14,185,74,74,TRUE
1231,12,15,140,6,8,FALSE
1231,12,16,184,68,68,TRUE
1231,12,17,157,12,12,TRUE
1231,12,18,170,15,15,TRUE
1231,12,19,158,12,12,TRUE
1231,12,20,240,73,73,TRUE
1232,1,1,16,7,7,TRUE
1232,1,2,52,15,15,TRUE
1232,1,3,68,86,86,TRUE
1232,1,4,88,59,59,TRUE
1232,1,5,69,48,48,TRUE
1232,1,6,37,12,12,TRUE
1232,1,7,97,-,76,FALSE
1232,1,8,58,17,17,TRUE
1232,1,9,96,-,54,FALSE
1232,1,10,1,2,2,TRUE
1232,1,11,115,60,71,FALSE
1232,1,12,31,11,11,TRUE
1232,1,13,22,8,8,TRUE
1232,1,14,113,-,72,FALSE
1232,1,15,15,7,7,TRUE
1232,1,16,74,66,66,TRUE
1232,1,17,56,-,16,FALSE
1232,1,18,94,82,82,TRUE
1232,1,19,71,78,78,TRUE
1232,1,20,30,10,10,TRUE
1232,2,1,19,8,8,TRUE
1232,2,2,114,S..,77,FALSE
1232,2,3,48,14,14,TRUE
1232,2,4,84,67,67,TRUE
1232,2,5,9,5,5,TRUE
1232,2,6,116,60,65,FALSE
1232,2,7,78,92,92,TRUE
1232,2,8,11,6,6,TRUE
1232,2,9,41,13,13,TRUE
1232,2,10,39,12,12,TRUE
1232,2,11,34,11,11,TRUE
1232,2,12,62,77,77,TRUE
1232,2,13,45,14,14,TRUE
1232,2,14,89,79,79,TRUE
1232,2,15,99,82,82,TRUE
1232,2,16,106,-,56,FALSE
1232,2,17,4,4,4,TRUE
1232,2,18,90,59,59,TRUE
1232,2,19,26,9,9,TRUE
1232,2,20,120,60,73,FALSE
1232,3,1,118,67,67,TRUE
1232,3,2,81,65,65,TRUE
1232,3,3,54,19,16,FALSE
1232,3,4,55,19,16,FALSE
1232,3,5,25,-,9,FALSE
1232,3,6,14,6,6,TRUE
1232,3,7,70,68,68,TRUE
1232,3,8,23,9,9,TRUE
1232,3,9,119,63,73,FALSE
1232,3,10,108,84,84,TRUE
1232,3,11,13,6,6,TRUE
1232,3,12,57,17,17,TRUE
1232,3,13,38,12,12,TRUE
1232,3,14,93,64,64,TRUE
1232,3,15,64,68,68,TRUE
1232,3,16,32,11,11,TRUE
1232,3,17,65,74,74,TRUE
1232,3,18,27,10,10,TRUE
1232,3,19,87,69,69,TRUE
1232,3,20,104,64,64,TRUE
1232,4,1,101,76,72,FALSE
1232,4,2,91,82,82,TRUE
1232,4,3,110,-,72,FALSE
1232,4,4,10,5,5,TRUE
1232,4,5,12,6,6,TRUE
1232,4,6,21,8,8,TRUE
1232,4,7,109,52,52,TRUE
1232,4,8,77,94,94,TRUE
1232,4,9,51,15,15,TRUE
1232,4,10,33,11,11,TRUE
1232,4,11,72,58,58,TRUE
1232,4,12,40,13,13,TRUE
1232,4,13,59,18,18,TRUE
1232,4,14,79,44,44,TRUE
1232,4,15,47,14,14,TRUE
1232,4,16,105,34,34,TRUE
1232,4,17,85,69,69,TRUE
1232,4,18,82,69,69,TRUE
1232,4,19,2,3,3,TRUE
1232,4,20,6,4,4,TRUE
1232,5,1,8,5,5,TRUE
1232,5,2,100,66,66,TRUE
1232,5,3,76,68,68,TRUE
1232,5,4,73,42,42,TRUE
1232,5,5,18,7,7,TRUE
1232,5,6,35,12,12,TRUE
1232,5,7,53,16,16,TRUE
1232,5,8,117,-,71,FALSE
1232,5,9,112,72,72,TRUE
1232,5,10,20,8,8,TRUE
1232,5,11,75,64,64,TRUE
1232,5,12,36,12,12,TRUE
1232,5,13,17,7,7,TRUE
1232,5,14,3,3,3,TRUE
1232,5,15,42,13,13,TRUE
1232,5,16,98,72,72,TRUE
1232,5,17,95,72,72,TRUE
1232,5,18,49,15,15,TRUE
1232,5,19,66,68,66,FALSE
1232,5,20,80,56,56,TRUE
1232,6,1,102,74,74,TRUE
1232,6,2,50,-,15,FALSE
1232,6,3,86,73,73,TRUE
1232,6,4,60,18,18,TRUE
1232,6,5,61,47,47,TRUE
1232,6,6,92,82,82,TRUE
1232,6,7,63,69,69,TRUE
1232,6,8,103,-,58,FALSE
1232,6,9,83,87,87,TRUE
1232,6,10,28,10,10,TRUE
1232,6,11,43,13,13,TRUE
1232,6,12,29,10,10,TRUE
1232,6,13,46,14,14,TRUE
1232,6,14,5,4,4,TRUE
1232,6,15,107,62,62,TRUE
1232,6,16,44,14,14,TRUE
1232,6,17,24,9,9,TRUE
1232,6,18,111,-,94,FALSE
1232,6,19,7,5,5,TRUE
1232,6,20,67,56,56,TRUE
1232,7,1,225,34,34,TRUE
1232,7,2,240,73,73,TRUE
1232,7,3,157,12,12,TRUE
1232,7,4,221,72,72,TRUE
1232,7,5,197,94,94,TRUE
1232,7,6,179,18,18,TRUE
1232,7,7,131,6,6,TRUE
1232,7,8,132,6,6,TRUE
1232,7,9,230,-,72,FALSE
1232,7,10,145,9,9,TRUE
1232,7,11,235,72,71,FALSE
1232,7,12,202,70,69,FALSE
1232,7,13,174,16,16,TRUE
1232,7,14,186,66,66,TRUE
1232,7,15,176,16,16,TRUE
1232,7,16,146,9,9,TRUE
1232,7,17,200,56,56,TRUE
1232,7,18,127,5,5,TRUE
1232,7,19,164,14,14,TRUE
1232,7,20,195,64,64,TRUE
1232,8,1,220,66,66,TRUE
1232,8,2,154,13,11,FALSE
1232,8,3,125,4,4,TRUE
1232,8,4,189,48,48,TRUE
1232,8,5,231,-,94,FALSE
1232,8,6,124,4,4,TRUE
1232,8,7,194,66,66,TRUE
1232,8,8,150,10,10,TRUE
1232,8,9,151,11,11,TRUE
1232,8,10,172,15,15,TRUE
1232,8,11,238,67,67,TRUE
1232,8,12,168,-,14,FALSE
1232,8,13,207,69,69,TRUE
1232,8,14,214,82,82,TRUE
1232,8,15,142,8,8,TRUE
1232,8,16,128,5,5,TRUE
1232,8,17,198,92,92,TRUE
1232,8,18,175,16,16,TRUE
1232,8,19,211,82,82,TRUE
1232,8,20,184,68,68,TRUE
1232,9,1,233,-,72,FALSE
1232,9,2,136,7,7,TRUE
1232,9,3,181,47,47,TRUE
1232,9,4,162,11,13,FALSE
1232,9,5,229,52,52,TRUE
1232,9,6,123,3,3,TRUE
1232,9,7,160,13,13,TRUE
1232,9,8,149,10,10,TRUE
1232,9,9,208,59,59,TRUE
1232,9,10,153,-,11,FALSE
1232,9,11,171,15,15,TRUE
1232,9,12,143,9,9,TRUE
1232,9,13,217,76,76,TRUE
1232,9,14,236,65,65,TRUE
1232,9,15,226,56,56,TRUE
1232,9,16,203,87,87,TRUE
1232,9,17,201,65,65,TRUE
1232,9,18,193,42,42,TRUE
1232,9,19,140,8,8,TRUE
1232,9,20,152,11,11,TRUE
1232,10,1,158,12,12,TRUE
1232,10,2,232,72,72,TRUE
1232,10,3,169,15,15,TRUE
1232,10,4,191,78,78,TRUE
1232,10,5,239,73,73,TRUE
1232,10,6,234,87,77,FALSE
1232,10,7,166,14,14,TRUE
1232,10,8,130,5,5,TRUE
1232,10,9,213,62,64,FALSE
1232,10,10,163,13,13,TRUE
1232,10,11,209,79,79,TRUE
1232,10,12,185,74,74,TRUE
1232,10,13,135,7,7,TRUE
1232,10,14,190,68,68,TRUE
1232,10,15,129,5,5,TRUE
1232,10,16,161,13,13,TRUE
1232,10,17,192,58,58,TRUE
1232,10,18,133,6,6,TRUE
1232,10,19,223,58,58,TRUE
1232,10,20,139,8,8,TRUE
1232,11,1,180,18,18,TRUE
1232,11,2,237,73,71,FALSE
1232,11,3,177,17,17,TRUE
1232,11,4,212,-,82,FALSE
1232,11,5,144,9,9,TRUE
1232,11,6,155,12,12,TRUE
1232,11,7,216,54,54,TRUE
1232,11,8,141,8,8,TRUE
1232,11,9,182,77,77,TRUE
1232,11,10,170,15,15,TRUE
1232,11,11,126,4,4,TRUE
1232,11,12,122,3,3,TRUE
1232,11,13,147,10,10,TRUE
1232,11,14,222,74,74,TRUE
1232,11,15,159,12,12,TRUE
1232,11,16,199,44,44,TRUE
1232,11,17,218,72,72,TRUE
1232,11,18,196,68,68,TRUE
1232,11,19,188,86,86,TRUE
1232,11,20,204,62,67,FALSE
1232,12,1,156,12,12,TRUE
1232,12,2,224,64,64,TRUE
1232,12,3,206,73,73,TRUE
1232,12,4,187,56,56,TRUE
1232,12,5,205,69,69,TRUE
1232,12,6,215,72,72,TRUE
1232,12,7,173,16,16,TRUE
1232,12,8,219,82,82,TRUE
1232,12,9,178,17,17,TRUE
1232,12,10,228,84,84,TRUE
1232,12,11,210,59,59,TRUE
1232,12,12,121,2,2,TRUE
1232,12,13,148,10,10,TRUE
1232,12,14,167,14,14,TRUE
1232,12,15,183,69,69,TRUE
1232,12,16,137,7,7,TRUE
1232,12,17,138,7,7,TRUE
1232,12,18,227,62,62,TRUE
1232,12,19,165,14,14,TRUE
1232,12,20,134,6,6,TRUE
1236,1,1,36,12,12,TRUE
1236,1,2,50,13,15,FALSE
1236,1,3,51,13,15,FALSE
1236,1,4,4,4,4,TRUE
1236,1,5,32,11,11,TRUE
1236,1,6,87,69,69,TRUE
1236,1,7,29,10,10,TRUE
1236,1,8,95,72,72,TRUE
1236,1,9,116,63,65,FALSE
1236,1,10,5,4,4,TRUE
1236,1,11,21,8,8,TRUE
1236,1,12,90,59,59,TRUE
1236,1,13,63,69,69,TRUE
1236,1,14,94,82,82,TRUE
1236,1,15,109,53,52,FALSE
1236,1,16,72,58,58,TRUE
1236,1,17,73,42,42,TRUE
1236,1,18,11,6,6,TRUE
1236,1,19,101,72,72,TRUE
1236,1,20,34,11,11,TRUE
1236,2,1,118,57,67,FALSE
1236,2,2,64,68,68,TRUE
1236,2,3,77,94,94,TRUE
1236,2,4,7,5,5,TRUE
1236,2,5,88,59,59,TRUE
1236,2,6,9,5,5,TRUE
1236,2,7,19,8,8,TRUE
1236,2,8,46,14,14,TRUE
1236,2,9,75,64,64,TRUE
1236,2,10,43,13,13,TRUE
1236,2,11,97,66,76,FALSE
1236,2,12,91,80,82,FALSE
1236,2,13,45,13,14,FALSE
1236,2,14,57,17,17,TRUE
1236,2,15,12,6,6,TRUE
1236,2,16,114,77,77,TRUE
1236,2,17,37,13,12,FALSE
1236,2,18,107,62,62,TRUE
1236,2,19,70,68,68,TRUE
1236,2,20,1,2,2,TRUE
1236,3,1,59,18,18,TRUE
1236,3,2,86,73,73,TRUE
1236,3,3,13,6,6,TRUE
1236,3,4,103,58,58,TRUE
1236,3,5,117,71,71,TRUE
1236,3,6,49,15,15,TRUE
1236,3,7,85,- *,69,FALSE
1236,3,8,100,52,66,FALSE
1236,3,9,61,47,47,TRUE
1236,3,10,20,8,8,TRUE
1236,3,11,6,4,4,TRUE
1236,3,12,22,8,8,TRUE
1236,3,13,65,74,74,TRUE
1236,3,14,42,13,13,TRUE
1236,3,15,53,16,16,TRUE
1236,3,16,96,52,54,FALSE
1236,3,17,60,18,18,TRUE
1236,3,18,120,73,73,TRUE
1236,3,19,2,3,3,TRUE
1236,3,20,69,48,48,TRUE
1236,4,1,16,7,7,TRUE
1236,4,2,47,14,14,TRUE
1236,4,3,106,56,56,TRUE
1236,4,4,15,7,7,TRUE
1236,4,5,56,16,16,TRUE
1236,4,6,84,67,67,TRUE
1236,4,7,68,86,86,TRUE
1236,4,8,3,3,3,TRUE
1236,4,9,10,5,5,TRUE
1236,4,10,71,78,78,TRUE
1236,4,11,54,16,16,TRUE
1236,4,12,98,72,72,TRUE
1236,4,13,40,13,13,TRUE
1236,4,14,113,72,72,TRUE
1236,4,15,35,12,12,TRUE
1236,4,16,105,34,34,TRUE
1236,4,17,24,9,9,TRUE
1236,4,18,82,71,69,FALSE
1236,4,19,99,82,82,TRUE
1236,4,20,83,87,87,TRUE
1236,5,1,17,7,7,TRUE
1236,5,2,66,66,66,TRUE
1236,5,3,18,7,7,TRUE
1236,5,4,23,9,9,TRUE
1236,5,5,76,68,68,TRUE
1236,5,6,92,82,82,TRUE
1236,5,7,108,84,84,TRUE
1236,5,8,115,71,71,TRUE
1236,5,9,31,11,11,TRUE
1236,5,10,78,92,92,TRUE
1236,5,11,33,11,11,TRUE
1236,5,12,44,14,14,TRUE
1236,5,13,79,44,44,TRUE
1236,5,14,58,17,17,TRUE
1236,5,15,26,9,9,TRUE
1236,5,16,67,56,56,TRUE
1236,5,17,102,74,74,TRUE
1236,5,18,48,14,14,TRUE
1236,5,19,104,64,64,TRUE
1236,5,20,27,10,10,TRUE
1236,6,1,80,56,56,TRUE
1236,6,2,30,10,10,TRUE
1236,6,3,89,79,79,TRUE
1236,6,4,14,6,6,TRUE
1236,6,5,111,94,94,TRUE
1236,6,6,110,72,72,TRUE
1236,6,7,38,12,12,TRUE
1236,6,8,25,9,9,TRUE
1236,6,9,74,66,66,TRUE
1236,6,10,62,77,77,TRUE
1236,6,11,81,65,65,TRUE
1236,6,12,39,12,12,TRUE
1236,6,13,8,5,5,TRUE
1236,6,14,55,16,16,TRUE
1236,6,15,52,15,15,TRUE
1236,6,16,93,64,64,TRUE
1236,6,17,119,73,73,TRUE
1236,6,18,28,10,10,TRUE
1236,6,19,41,13,13,TRUE
1236,6,20,112,72,72,TRUE
1236,7,1,176,16,16,TRUE
1236,7,2,221,72,72,TRUE
1236,7,3,145,9,9,TRUE
1236,7,4,137,7,7,TRUE
1236,7,5,131,6,6,TRUE
1236,7,6,163,13,13,TRUE
1236,7,7,167,14,14,TRUE
1236,7,8,197,94,94,TRUE
1236,7,9,202,69,69,TRUE
1236,7,10,227,62,62,TRUE
1236,7,11,234,77,77,TRUE
1236,7,12,181,45,47,FALSE
1236,7,13,240,73,73,TRUE
1236,7,14,136,7,7,TRUE
1236,7,15,183,69,69,TRUE
1236,7,16,193,42,42,TRUE
1236,7,17,223,58,58,TRUE
1236,7,18,141,8,8,TRUE
1236,7,19,169,15,15,TRUE
1236,7,20,165,14,14,TRUE
1236,8,1,201,65,65,TRUE
1236,8,2,232,72,72,TRUE
1236,8,3,215,72,72,TRUE
1236,8,4,226,56,56,TRUE
1236,8,5,128,5,5,TRUE
1236,8,6,158,12,12,TRUE
1236,8,7,144,9,9,TRUE
1236,8,8,187,56,56,TRUE
1236,8,9,229,52,52,TRUE
1236,8,10,125,4,4,TRUE
1236,8,11,129,5,5,TRUE
1236,8,12,150,10,10,TRUE
1236,8,13,199,44,44,TRUE
1236,8,14,159,12,12,TRUE
1236,8,15,179,18,18,TRUE
1236,8,16,156,12,12,TRUE
1236,8,17,228,74,84,FALSE
1236,8,18,203,87,87,TRUE
1236,8,19,196,68,68,TRUE
1236,8,20,154,11,11,TRUE
1236,9,1,149,10,10,TRUE
1236,9,2,212,82,82,TRUE
1236,9,3,133,6,6,TRUE
1236,9,4,170,13,15,FALSE
1236,9,5,210,59,59,TRUE
1236,9,6,218,72,72,TRUE
1236,9,7,160,13,13,TRUE
1236,9,8,191,78,78,TRUE
1236,9,9,195,64,64,TRUE
1236,9,10,207,69,69,TRUE
1236,9,11,235,71,71,TRUE
1236,9,12,148,10,10,TRUE
1236,9,13,205,69,69,TRUE
1236,9,14,162,13,13,TRUE
1236,9,15,220,62,66,FALSE
1236,9,16,166,14,14,TRUE
1236,9,17,231,94,94,TRUE
1236,9,18,126,4,4,TRUE
1236,9,19,123,3,3,TRUE
1236,9,20,171,15,15,TRUE
1236,10,1,184,68,68,TRUE
1236,10,2,239,73,73,TRUE
1236,10,3,189,48,48,TRUE
1236,10,4,208,59,59,TRUE
1236,10,5,151,11,11,TRUE
1236,10,6,236,65,65,TRUE
1236,10,7,178,17,17,TRUE
1236,10,8,200,56,56,TRUE
1236,10,9,155,12,12,TRUE
1236,10,10,122,3,3,TRUE
1236,10,11,175,16,16,TRUE
1236,10,12,146,9,9,TRUE
1236,10,13,121,2,2,TRUE
1236,10,14,172,15,15,TRUE
1236,10,15,233,72,72,TRUE
1236,10,16,134,6,6,TRUE
1236,10,17,238,57,67,FALSE
1236,10,18,217,76,76,TRUE
1236,10,19,132,6,6,TRUE
1236,10,20,182,77,77,TRUE
1236,11,1,206,73,73,TRUE
1236,11,2,124,4,4,TRUE
1236,11,3,216,54,54,TRUE
1236,11,4,214,82,82,TRUE
1236,11,5,194,66,66,TRUE
1236,11,6,198,92,92,TRUE
1236,11,7,127,5,5,TRUE
1236,11,8,161,13,13,TRUE
1236,11,9,190,68,68,TRUE
1236,11,10,188,86,86,TRUE
1236,11,11,153,11,11,TRUE
1236,11,12,173,16,16,TRUE
1236,11,13,143,9,9,TRUE
1236,11,14,213,64,64,TRUE
1236,11,15,147,10,10,TRUE
1236,11,16,237,71,71,TRUE
1236,11,17,180,18,18,TRUE
1236,11,18,130,5,5,TRUE
1236,11,19,230,72,72,TRUE
1236,11,20,177,17,17,TRUE
1236,12,1,168,14,14,TRUE
1236,12,2,135,7,7,TRUE
1236,12,3,192,58,58,TRUE
1236,12,4,219,82,82,TRUE
1236,12,5,142,8,8,TRUE
1236,12,6,211,82,82,TRUE
1236,12,7,222,74,74,TRUE
1236,12,8,225,34,34,TRUE
1236,12,9,152,11,11,TRUE
1236,12,10,224,64,64,TRUE
1236,12,11,164,14,14,TRUE
1236,12,12,140,8,8,TRUE
1236,12,13,204,67,67,TRUE
1236,12,14,157,13,12,FALSE
1236,12,15,139,8,8,TRUE
1236,12,16,138,7,7,TRUE
1236,12,17,209,79,79,TRUE
1236,12,18,185,74,74,TRUE
1236,12,19,174,16,16,TRUE
1236,12,20,186,66,66,TRUE
1238,1,1,90,59,59,TRUE
1238,1,2,26,9,9,TRUE
1238,1,3,59,18,18,TRUE
1238,1,4,2,3,3,TRUE
1238,1,5,25,9,9,TRUE
1238,1,6,95,72,72,TRUE
1238,1,7,61,47,47,TRUE
1238,1,8,85,69,69,TRUE
1238,1,9,79,44,44,TRUE
1238,1,10,36,12,12,TRUE
1238,1,11,91,82,82,TRUE
1238,1,12,10,5,5,TRUE
1238,1,13,73,42,42,TRUE
1238,1,14,60,18,18,TRUE
1238,1,15,56,16,16,TRUE
1238,1,16,109,52,52,TRUE
1238,1,17,30,10,10,TRUE
1238,1,18,102,74,74,TRUE
1238,1,19,112,72,72,TRUE
1238,1,20,55,16,16,TRUE
1238,2,1,54,16,16,TRUE
1238,2,2,51,15,15,TRUE
1238,2,3,42,13,13,TRUE
1238,2,4,113,72,72,TRUE
1238,2,5,97,76,76,TRUE
1238,2,6,15,7,7,TRUE
1238,2,7,13,6,6,TRUE
1238,2,8,99,82,82,TRUE
1238,2,9,87,69,69,TRUE
1238,2,10,34,11,11,TRUE
1238,2,11,84,67,67,TRUE
1238,2,12,62,77,77,TRUE
1238,2,13,39,12,12,TRUE
1238,2,14,120,63,73,FALSE
1238,2,15,20,8,8,TRUE
1238,2,16,72,58,58,TRUE
1238,2,17,81,65,65,TRUE
1238,2,18,11,6,6,TRUE
1238,2,19,98,72,72,TRUE
1238,2,20,5,4,4,TRUE
1238,3,1,6,4,4,TRUE
1238,3,2,57,17,17,TRUE
1238,3,3,14,6,6,TRUE
1238,3,4,4,4,4,TRUE
1238,3,5,67,56,56,TRUE
1238,3,6,46,14,14,TRUE
1238,3,7,96,54,54,TRUE
1238,3,8,103,58,58,TRUE
1238,3,9,118,67,67,TRUE
1238,3,10,78,92,92,TRUE
1238,3,11,83,87,87,TRUE
1238,3,12,70,68,68,TRUE
1238,3,13,8,5,5,TRUE
1238,3,14,16,7,7,TRUE
1238,3,15,100,66,66,TRUE
1238,3,16,108,84,84,TRUE
1238,3,17,32,11,11,TRUE
1238,3,18,66,66,66,TRUE
1238,3,19,38,12,12,TRUE
1238,3,20,44,14,14,TRUE
1238,4,1,49,15,15,TRUE
1238,4,2,105,34,34,TRUE
1238,4,3,75,64,64,TRUE
1238,4,4,77,94,94,TRUE
1238,4,5,21,8,8,TRUE
1238,4,6,48,14,14,TRUE
1238,4,7,19,8,8,TRUE
1238,4,8,115,71,71,TRUE
1238,4,9,27,10,10,TRUE
1238,4,10,18,7,7,TRUE
1238,4,11,64,68,68,TRUE
1238,4,12,86,73,73,TRUE
1238,4,13,24,9,9,TRUE
1238,4,14,43,13,13,TRUE
1238,4,15,41,13,13,TRUE
1238,4,16,104,64,64,TRUE
1238,4,17,107,62,62,TRUE
1238,4,18,63,69,69,TRUE
1238,4,19,117,71,71,TRUE
1238,4,20,45,14,14,TRUE
1238,5,1,65,74,74,TRUE
1238,5,2,76,68,68,TRUE
1238,5,3,52,15,15,TRUE
1238,5,4,74,66,66,TRUE
1238,5,5,3,3,3,TRUE
1238,5,6,9,5,5,TRUE
1238,5,7,88,59,59,TRUE
1238,5,8,101,72,72,TRUE
1238,5,9,92,82,82,TRUE
1238,5,10,28,10,10,TRUE
1238,5,11,35,12,12,TRUE
1238,5,12,106,56,56,TRUE
1238,5,13,22,8,8,TRUE
1238,5,14,80,56,56,TRUE
1238,5,15,116,65,65,TRUE
1238,5,16,58,17,17,TRUE
1238,5,17,47,14,14,TRUE
1238,5,18,114,77,77,TRUE
1238,5,19,31,11,11,TRUE
1238,5,20,7,5,5,TRUE
1238,6,1,1,2,2,TRUE
1238,6,2,50,15,15,TRUE
1238,6,3,69,48,48,TRUE
1238,6,4,93,64,64,TRUE
1238,6,5,29,10,10,TRUE
1238,6,6,110,72,72,TRUE
1238,6,7,40,13,13,TRUE
1238,6,8,94,82,82,TRUE
1238,6,9,71,78,78,TRUE
1238,6,10,17,7,7,TRUE
1238,6,11,119,73,73,TRUE
1238,6,12,23,9,9,TRUE
1238,6,13,37,12,12,TRUE
1238,6,14,12,6,6,TRUE
1238,6,15,53,16,16,TRUE
1238,6,16,82,69,69,TRUE
1238,6,17,111,94,94,TRUE
1238,6,18,89,79,79,TRUE
1238,6,19,33,11,11,TRUE
1238,6,20,68,86,86,TRUE
1238,7,1,186,66,66,TRUE
1238,7,2,128,5,5,TRUE
1238,7,3,187,56,56,TRUE
1238,7,4,208,59,59,TRUE
1238,7,5,138,7,7,TRUE
1238,7,6,166,14,14,TRUE
1238,7,7,220,66,66,TRUE
1238,7,8,129,5,5,TRUE
1238,7,9,216,54,54,TRUE
1238,7,10,179,18,18,TRUE
1238,7,11,154,11,11,TRUE
1238,7,12,198,92,92,TRUE
1238,7,13,214,82,82,TRUE
1238,7,14,231,94,94,TRUE
1238,7,15,157,12,12,TRUE
1238,7,16,133,6,6,TRUE
1238,7,17,213,64,64,TRUE
1238,7,18,209,79,79,TRUE
1238,7,19,170,15,15,TRUE
1238,7,20,139,8,8,TRUE
1238,8,1,135,7,7,TRUE
1238,8,2,222,74,74,TRUE
1238,8,3,151,11,11,TRUE
1238,8,4,202,69,69,TRUE
1238,8,5,167,14,14,TRUE
1238,8,6,125,4,4,TRUE
1238,8,7,141,8,8,TRUE
1238,8,8,185,74,74,TRUE
1238,8,9,212,82,82,TRUE
1238,8,10,236,65,65,TRUE
1238,8,11,224,64,64,TRUE
1238,8,12,173,16,16,TRUE
1238,8,13,162,13,13,TRUE
1238,8,14,123,3,3,TRUE
1238,8,15,195,64,64,TRUE
1238,8,16,201,65,65,TRUE
1238,8,17,217,76,76,TRUE
1238,8,18,183,69,69,TRUE
1238,8,19,134,6,6,TRUE
1238,8,20,161,13,13,TRUE
1238,9,1,215,72,72,TRUE
1238,9,2,131,6,6,TRUE
1238,9,3,169,15,15,TRUE
1238,9,4,239,73,73,TRUE
1238,9,5,176,16,16,TRUE
1238,9,6,206,73,73,TRUE
1238,9,7,165,52,14,FALSE
1238,9,8,143,9,9,TRUE
1238,9,9,196,68,68,TRUE
1238,9,10,221,72,72,TRUE
1238,9,11,194,66,66,TRUE
1238,9,12,233,72,72,TRUE
1238,9,13,147,10,10,TRUE
1238,9,14,140,8,8,TRUE
1238,9,15,211,82,82,TRUE
1238,9,16,144,9,9,TRUE
1238,9,17,164,14,14,TRUE
1238,9,18,160,13,13,TRUE
1238,9,19,184,68,68,TRUE
1238,9,20,199,44,44,TRUE
1238,10,1,189,48,48,TRUE
1238,10,2,146,9,9,TRUE
1238,10,3,122,3,3,TRUE
1238,10,4,230,72,72,TRUE
1238,10,5,237,71,71,TRUE
1238,10,6,228,84,84,TRUE
1238,10,7,121,2,2,TRUE
1238,10,8,235,71,71,TRUE
1238,10,9,210,59,59,TRUE
1238,10,10,171,52,15,FALSE
1238,10,11,145,9,9,TRUE
1238,10,12,158,12,12,TRUE
1238,10,13,156,12,12,TRUE
1238,10,14,225,31,34,FALSE
1238,10,15,180,18,18,TRUE
1238,10,16,163,13,13,TRUE
1238,10,17,205,69,69,TRUE
1238,10,18,191,78,78,TRUE
1238,10,19,130,5,5,TRUE
1238,10,20,197,94,94,TRUE
1238,11,1,232,72,72,TRUE
1238,11,2,182,77,77,TRUE
1238,11,3,124,4,4,TRUE
1238,11,4,132,6,6,TRUE
1238,11,5,227,62,62,TRUE
1238,11,6,188,86,86,TRUE
1238,11,7,159,12,12,TRUE
1238,11,8,193,42,42,TRUE
1238,11,9,178,17,17,TRUE
1238,11,10,172,15,15,TRUE
1238,11,11,168,13,14,FALSE
1238,11,12,137,7,7,TRUE
1238,11,13,148,10,10,TRUE
1238,11,14,204,67,67,TRUE
1238,11,15,153,11,11,TRUE
1238,11,16,229,52,52,TRUE
1238,11,17,238,67,67,TRUE
1238,11,18,181,47,47,TRUE
1238,11,19,149,10,10,TRUE
1238,11,20,226,56,56,TRUE
1238,12,1,192,58,58,TRUE
1238,12,2,218,72,72,TRUE
1238,12,3,126,4,4,TRUE
1238,12,4,234,77,77,TRUE
1238,12,5,127,5,5,TRUE
1238,12,6,177,17,17,TRUE
1238,12,7,175,16,16,TRUE
1238,12,8,155,12,12,TRUE
1238,12,9,240,73,73,TRUE
1238,12,10,219,82,82,TRUE
1238,12,11,142,8,8,TRUE
1238,12,12,223,58,58,TRUE
1238,12,13,207,69,69,TRUE
1238,12,14,136,7,7,TRUE
1238,12,15,200,56,56,TRUE
1238,12,16,152,11,11,TRUE
1238,12,17,150,10,10,TRUE
1238,12,18,190,68,68,TRUE
1238,12,19,203,87,87,TRUE
1238,12,20,174,16,16,TRUE
1239,1,1,10,5,5,TRUE
1239,1,2,41,13,13,TRUE
1239,1,3,76,68,68,TRUE
1239,1,4,108,84,84,TRUE
1239,1,5,109,52,52,TRUE
1239,1,6,86,73,73,TRUE
1239,1,7,80,56,56,TRUE
1239,1,8,38,12,12,TRUE
1239,1,9,42,13,13,TRUE
1239,1,10,100,56,66,FALSE
1239,1,11,1,2,2,TRUE
1239,1,12,106,56,56,TRUE
1239,1,13,97,76,76,TRUE
1239,1,14,39,12,12,TRUE
1239,1,15,55,16,16,TRUE
1239,1,16,21,8,8,TRUE
1239,1,17,15,7,7,TRUE
1239,1,18,87,69,69,TRUE
1239,1,19,70,68,68,TRUE
1239,1,20,27,10,10,TRUE
1239,2,1,63,69,69,TRUE
1239,2,2,11,6,6,TRUE
1239,2,3,111,94,94,TRUE
1239,2,4,101,72,72,TRUE
1239,2,5,32,11,11,TRUE
1239,2,6,43,13,13,TRUE
1239,2,7,16,7,7,TRUE
1239,2,8,75,64,64,TRUE
1239,2,9,2,3,3,TRUE
1239,2,10,92,82,82,TRUE
1239,2,11,3,3,3,TRUE
1239,2,12,107,62,62,TRUE
1239,2,13,29,10,10,TRUE
1239,2,14,72,58,58,TRUE
1239,2,15,65,74,74,TRUE
1239,2,16,88,59,59,TRUE
1239,2,17,33,11,11,TRUE
1239,2,18,113,72,72,TRUE
1239,2,19,44,14,14,TRUE
1239,2,20,35,12,12,TRUE
1239,3,1,22,8,8,TRUE
1239,3,2,81,65,65,TRUE
1239,3,3,116,65,65,TRUE
1239,3,4,89,79,79,TRUE
1239,3,5,94,82,82,TRUE
1239,3,6,20,8,8,TRUE
1239,3,7,57,17,17,TRUE
1239,3,8,112,72,72,TRUE
1239,3,9,83,87,87,TRUE
1239,3,10,114,77,77,TRUE
1239,3,11,46,14,14,TRUE
1239,3,12,90,59,59,TRUE
1239,3,13,36,12,12,TRUE
1239,3,14,48,14,14,TRUE
1239,3,15,25,9,9,TRUE
1239,3,16,59,18,18,TRUE
1239,3,17,95,72,72,TRUE
1239,3,18,19,8,8,TRUE
1239,3,19,85,69,69,TRUE
1239,3,20,6,4,4,TRUE
1239,4,1,31,11,11,TRUE
1239,4,2,78,92,92,TRUE
1239,4,3,5,4,4,TRUE
1239,4,4,104,64,64,TRUE
1239,4,5,30,10,10,TRUE
1239,4,6,9,5,5,TRUE
1239,4,7,117,71,71,TRUE
1239,4,8,93,64,64,TRUE
1239,4,9,74,66,66,TRUE
1239,4,10,14,6,6,TRUE
1239,4,11,37,12,12,TRUE
1239,4,12,60,18,18,TRUE
1239,4,13,102,64,74,FALSE
1239,4,14,54,16,16,TRUE
1239,4,15,61,47,47,TRUE
1239,4,16,79,44,44,TRUE
1239,4,17,8,5,5,TRUE
1239,4,18,120,53,73,FALSE
1239,4,19,52,-,15,FALSE
1239,4,20,77,94,94,TRUE
1239,5,1,45,14,14,TRUE
1239,5,2,69,48,48,TRUE
1239,5,3,91,84,82,FALSE
1239,5,4,49,14,15,FALSE
1239,5,5,18,7,7,TRUE
1239,5,6,7,5,5,TRUE
1239,5,7,23,9,9,TRUE
1239,5,8,103,58,58,TRUE
1239,5,9,68,86,86,TRUE
1239,5,10,119,73,73,TRUE
1239,5,11,66,66,66,TRUE
1239,5,12,71,78,78,TRUE
1239,5,13,105,34,34,TRUE
1239,5,14,28,10,10,TRUE
1239,5,15,67,56,56,TRUE
1239,5,16,24,9,9,TRUE
1239,5,17,56,16,16,TRUE
1239,5,18,51,15,15,TRUE
1239,5,19,110,72,72,TRUE
1239,5,20,40,13,13,TRUE
1239,6,1,13,6,6,TRUE
1239,6,2,64,68,68,TRUE
1239,6,3,62,77,77,TRUE
1239,6,4,98,74,72,FALSE
1239,6,5,118,57,67,FALSE
1239,6,6,82,69,69,TRUE
1239,6,7,115,71,71,TRUE
1239,6,8,4,4,4,TRUE
1239,6,9,12,6,6,TRUE
1239,6,10,17,7,7,TRUE
1239,6,11,58,17,17,TRUE
1239,6,12,50,15,15,TRUE
1239,6,13,96,54,54,TRUE
1239,6,14,26,9,9,TRUE
1239,6,15,99,84,82,FALSE
1239,6,16,84,67,67,TRUE
1239,6,17,73,42,42,TRUE
1239,6,18,34,11,11,TRUE
1239,6,19,47,14,14,TRUE
1239,6,20,53,16,16,TRUE
1239,7,1,137,7,7,TRUE
1239,7,2,216,49,54,FALSE
1239,7,3,239,72,73,FALSE
1239,7,4,195,64,64,TRUE
1239,7,5,126,4,4,TRUE
1239,7,6,205,69,69,TRUE
1239,7,7,230,72,72,TRUE
1239,7,8,226,56,56,TRUE
1239,7,9,142,8,8,TRUE
1239,7,10,212,84,82,FALSE
1239,7,11,209,79,79,TRUE
1239,7,12,138,7,7,TRUE
1239,7,13,164,14,14,TRUE
1239,7,14,157,12,12,TRUE
1239,7,15,175,16,16,TRUE
1239,7,16,179,18,18,TRUE
1239,7,17,170,15,15,TRUE
1239,7,18,127,5,5,TRUE
1239,7,19,196,68,68,TRUE
1239,7,20,202,69,69,TRUE
1239,8,1,215,82,72,FALSE
1239,8,2,218,72,72,TRUE
1239,8,3,131,7,6,FALSE
1239,8,4,151,11,11,TRUE
1239,8,5,219,82,82,TRUE
1239,8,6,221,82,72,FALSE
1239,8,7,203,87,87,TRUE
1239,8,8,187,56,56,TRUE
1239,8,9,176,16,16,TRUE
1239,8,10,144,9,9,TRUE
1239,8,11,167,14,14,TRUE
1239,8,12,123,3,3,TRUE
1239,8,13,154,11,11,TRUE
1239,8,14,181,47,47,TRUE
1239,8,15,227,62,62,TRUE
1239,8,16,129,5,5,TRUE
1239,8,17,149,10,10,TRUE
1239,8,18,197,94,94,TRUE
1239,8,19,206,73,73,TRUE
1239,8,20,177,17,17,TRUE
1239,9,1,161,13,13,TRUE
1239,9,2,159,12,12,TRUE
1239,9,3,139,8,8,TRUE
1239,9,4,198,92,92,TRUE
1239,9,5,191,78,78,TRUE
1239,9,6,236,65,65,TRUE
1239,9,7,152,11,11,TRUE
1239,9,8,141,8,8,TRUE
1239,9,9,178,17,17,TRUE
1239,9,10,133,6,6,TRUE
1239,9,11,204,67,67,TRUE
1239,9,12,122,3,3,TRUE
1239,9,13,193,42,42,TRUE
1239,9,14,231,94,94,TRUE
1239,9,15,183,69,69,TRUE
1239,9,16,140,8,8,TRUE
1239,9,17,234,87,77,FALSE
1239,9,18,173,16,16,TRUE
1239,9,19,214,84,82,FALSE
1239,9,20,211,82,82,TRUE
1239,10,1,220,66,66,TRUE
1239,10,2,182,77,77,TRUE
1239,10,3,136,7,7,TRUE
1239,10,4,185,74,74,TRUE
1239,10,5,160,13,13,TRUE
1239,10,6,228,84,84,TRUE
1239,10,7,172,15,15,TRUE
1239,10,8,143,9,9,TRUE
1239,10,9,158,12,12,TRUE
1239,10,10,171,15,15,TRUE
1239,10,11,150,10,10,TRUE
1239,10,12,147,10,10,TRUE
1239,10,13,213,64,64,TRUE
1239,10,14,233,72,72,TRUE
1239,10,15,156,12,12,TRUE
1239,10,16,135,7,7,TRUE
1239,10,17,200,56,56,TRUE
1239,10,18,192,58,58,TRUE
1239,10,19,186,66,66,TRUE
1239,10,20,232,72,72,TRUE
1239,11,1,201,65,65,TRUE
1239,11,2,165,14,14,TRUE
1239,11,3,121,2,2,TRUE
1239,11,4,240,73,73,TRUE
1239,11,5,125,4,4,TRUE
1239,11,6,155,12,12,TRUE
1239,11,7,166,14,14,TRUE
1239,11,8,217,76,76,TRUE
1239,11,9,190,68,68,TRUE
1239,11,10,124,4,4,TRUE
1239,11,11,235,71,71,TRUE
1239,11,12,237,71,71,TRUE
1239,11,13,162,13,13,TRUE
1239,11,14,169,15,15,TRUE
1239,11,15,128,5,5,TRUE
1239,11,16,225,34,34,TRUE
1239,11,17,189,48,48,TRUE
1239,11,18,208,59,59,TRUE
1239,11,19,130,5,5,TRUE
1239,11,20,199,44,44,TRUE
1239,12,1,238,67,67,TRUE
1239,12,2,148,10,10,TRUE
1239,12,3,229,62,52,FALSE
1239,12,4,207,69,69,TRUE
1239,12,5,194,66,66,TRUE
1239,12,6,180,18,18,TRUE
1239,12,7,222,74,74,TRUE
1239,12,8,163,13,13,TRUE
1239,12,9,174,16,16,TRUE
1239,12,10,188,86,86,TRUE
1239,12,11,134,6,6,TRUE
1239,12,12,145,9,9,TRUE
1239,12,13,132,6,6,TRUE
1239,12,14,224,64,64,TRUE
1239,12,15,146,9,9,TRUE
1239,12,16,184,68,68,TRUE
1239,12,17,223,58,58,TRUE
1239,12,18,153,11,11,TRUE
1239,12,19,168,14,14,TRUE
1239,12,20,210,59,59,TRUE
1240,1,1,19,8,8,TRUE
1240,1,2,68,86,86,TRUE
1240,1,3,60,18,18,TRUE
1240,1,4,73,42,42,TRUE
1240,1,5,71,78,78,TRUE
1240,1,6,45,14,14,TRUE
1240,1,7,10,5,5,TRUE
1240,1,8,82,69,69,TRUE
1240,1,9,104,64,64,TRUE
1240,1,10,1,2,2,TRUE
1240,1,11,39,12,12,TRUE
1240,1,12,108,84,84,TRUE
1240,1,13,57,17,17,TRUE
1240,1,14,99,82,82,TRUE
1240,1,15,93,64,64,TRUE
1240,1,16,63,69,69,TRUE
1240,1,17,54,16,16,TRUE
1240,1,18,116,65,65,TRUE
1240,1,19,26,9,9,TRUE
1240,1,20,29,10,10,TRUE
1240,2,1,105,34,34,TRUE
1240,2,2,17,7,7,TRUE
1240,2,3,78,92,92,TRUE
1240,2,4,75,64,64,TRUE
1240,2,5,79,44,44,TRUE
1240,2,6,94,82,82,TRUE
1240,2,7,64,68,68,TRUE
1240,2,8,12,6,6,TRUE
1240,2,9,35,12,12,TRUE
1240,2,10,47,14,14,TRUE
1240,2,11,44,14,14,TRUE
1240,2,12,89,79,79,TRUE
1240,2,13,14,6,6,TRUE
1240,2,14,56,16,16,TRUE
1240,2,15,38,12,12,TRUE
1240,2,16,103,58,58,TRUE
1240,2,17,110,72,72,TRUE
1240,2,18,8,5,5,TRUE
1240,2,19,119,73,73,TRUE
1240,2,20,20,8,8,TRUE
1240,3,1,3,3,3,TRUE
1240,3,2,77,94,94,TRUE
1240,3,3,111,94,94,TRUE
1240,3,4,4,4,4,TRUE
1240,3,5,66,66,66,TRUE
1240,3,6,2,3,3,TRUE
1240,3,7,88,59,59,TRUE
1240,3,8,15,7,7,TRUE
1240,3,9,70,68,68,TRUE
1240,3,10,106,56,56,TRUE
1240,3,11,86,73,73,TRUE
1240,3,12,100,66,66,TRUE
1240,3,13,109,52,52,TRUE
1240,3,14,52,15,15,TRUE
1240,3,15,51,15,15,TRUE
1240,3,16,41,13,13,TRUE
1240,3,17,24,9,9,TRUE
1240,3,18,36,12,12,TRUE
1240,3,19,32,11,11,TRUE
1240,3,20,113,72,72,TRUE
1240,4,1,101,72,72,TRUE
1240,4,2,28,10,10,TRUE
1240,4,3,40,13,13,TRUE
1240,4,4,30,10,10,TRUE
1240,4,5,49,15,15,TRUE
1240,4,6,69,48,48,TRUE
1240,4,7,23,9,9,TRUE
1240,4,8,48,14,14,TRUE
1240,4,9,22,8,8,TRUE
1240,4,10,97,76,76,TRUE
1240,4,11,65,74,74,TRUE
1240,4,12,46,14,14,TRUE
1240,4,13,61,47,47,TRUE
1240,4,14,95,72,72,TRUE
1240,4,15,102,74,74,TRUE
1240,4,16,90,59,59,TRUE
1240,4,17,92,82,82,TRUE
1240,4,18,5,4,4,TRUE
1240,4,19,42,13,13,TRUE
1240,4,20,81,65,65,TRUE
1240,5,1,16,7,7,TRUE
1240,5,2,34,11,11,TRUE
1240,5,3,25,9,9,TRUE
1240,5,4,83,87,87,TRUE
1240,5,5,58,17,17,TRUE
1240,5,6,18,7,7,TRUE
1240,5,7,13,6,6,TRUE
1240,5,8,67,56,56,TRUE
1240,5,9,50,15,15,TRUE
1240,5,10,6,4,4,TRUE
1240,5,11,87,69,69,TRUE
1240,5,12,74,66,66,TRUE
1240,5,13,120,73,73,TRUE
1240,5,14,114,77,77,TRUE
1240,5,15,112,72,72,TRUE
1240,5,16,91,82,82,TRUE
1240,5,17,37,12,12,TRUE
1240,5,18,55,16,16,TRUE
1240,5,19,80,56,56,TRUE
1240,5,20,98,72,72,TRUE
1240,6,1,11,6,6,TRUE
1240,6,2,9,5,5,TRUE
1240,6,3,84,67,67,TRUE
1240,6,4,117,71,71,TRUE
1240,6,5,62,77,77,TRUE
1240,6,6,76,68,68,TRUE
1240,6,7,72,58,58,TRUE
1240,6,8,85,69,69,TRUE
1240,6,9,27,10,10,TRUE
1240,6,10,33,11,11,TRUE
1240,6,11,43,13,13,TRUE
1240,6,12,96,54,54,TRUE
1240,6,13,7,5,5,TRUE
1240,6,14,107,62,62,TRUE
1240,6,15,53,16,16,TRUE
1240,6,16,31,11,11,TRUE
1240,6,17,59,18,18,TRUE
1240,6,18,118,67,67,TRUE
1240,6,19,21,8,8,TRUE
1240,6,20,115,71,71,TRUE
1240,7,1,229,52,52,TRUE
1240,7,2,124,4,4,TRUE
1240,7,3,214,82,82,TRUE
1240,7,4,204,67,67,TRUE
1240,7,5,201,65,65,TRUE
1240,7,6,226,56,56,TRUE
1240,7,7,200,56,56,TRUE
1240,7,8,213,64,64,TRUE
1240,7,9,179,18,18,TRUE
1240,7,10,143,9,9,TRUE
1240,7,11,194,66,66,TRUE
1240,7,12,160,13,13,TRUE
1240,7,13,145,9,9,TRUE
1240,7,14,183,69,69,TRUE
1240,7,15,137,7,7,TRUE
1240,7,16,151,11,11,TRUE
1240,7,17,220,66,66,TRUE
1240,7,18,125,4,4,TRUE
1240,7,19,165,14,14,TRUE
1240,7,20,175,16,16,TRUE
1240,8,1,168,14,14,TRUE
1240,8,2,136,7,7,TRUE
1240,8,3,154,11,11,TRUE
1240,8,4,148,10,10,TRUE
1240,8,5,228,84,84,TRUE
1240,8,6,150,10,10,TRUE
1240,8,7,237,71,71,TRUE
1240,8,8,186,66,66,TRUE
1240,8,9,216,54,54,TRUE
1240,8,10,202,69,69,TRUE
1240,8,11,197,94,94,TRUE
1240,8,12,193,42,42,TRUE
1240,8,13,156,12,12,TRUE
1240,8,14,169,15,15,TRUE
1240,8,15,176,16,16,TRUE
1240,8,16,141,8,8,TRUE
1240,8,17,131,6,6,TRUE
1240,8,18,235,71,71,TRUE
1240,8,19,211,82,82,TRUE
1240,8,20,187,56,56,TRUE
1240,9,1,121,2,2,TRUE
1240,9,2,223,58,58,TRUE
1240,9,3,236,65,65,TRUE
1240,9,4,233,72,72,TRUE
1240,9,5,159,12,12,TRUE
1240,9,6,140,8,8,TRUE
1240,9,7,207,69,69,TRUE
1240,9,8,177,17,17,TRUE
1240,9,9,139,8,8,TRUE
1240,9,10,152,11,11,TRUE
1240,9,11,189,48,48,TRUE
1240,9,12,181,47,47,TRUE
1240,9,13,199,44,44,TRUE
1240,9,14,127,5,5,TRUE
1240,9,15,129,5,5,TRUE
1240,9,16,224,64,64,TRUE
1240,9,17,171,15,15,TRUE
1240,9,18,153,11,11,TRUE
1240,9,19,198,92,92,TRUE
1240,9,20,225,34,34,TRUE
1240,10,1,190,68,68,TRUE
1240,10,2,215,72,72,TRUE
1240,10,3,182,77,77,TRUE
1240,10,4,192,58,58,TRUE
1240,10,5,219,82,82,TRUE
1240,10,6,234,77,77,TRUE
1240,10,7,238,67,67,TRUE
1240,10,8,170,15,15,TRUE
1240,10,9,161,13,13,TRUE
1240,10,10,157,12,12,TRUE
1240,10,11,130,5,5,TRUE
1240,10,12,142,8,8,TRUE
1240,10,13,166,14,14,TRUE
1240,10,14,188,86,86,TRUE
1240,10,15,222,74,74,TRUE
1240,10,16,128,5,5,TRUE
1240,10,17,164,14,14,TRUE
1240,10,18,191,78,78,TRUE
1240,10,19,133,6,6,TRUE
1240,10,20,149,10,10,TRUE
1240,11,1,167,14,14,TRUE
1240,11,2,122,3,3,TRUE
1240,11,3,178,17,17,TRUE
1240,11,4,184,68,68,TRUE
1240,11,5,146,9,9,TRUE
1240,11,6,221,72,72,TRUE
1240,11,7,232,72,72,TRUE
1240,11,8,239,73,73,TRUE
1240,11,9,210,59,59,TRUE
1240,11,10,231,94,94,TRUE
1240,11,11,209,79,79,TRUE
1240,11,12,138,7,7,TRUE
1240,11,13,218,72,72,TRUE
1240,11,14,163,15,13,FALSE
1240,11,15,185,74,74,TRUE
1240,11,16,135,7,7,TRUE
1240,11,17,174,16,16,TRUE
1240,11,18,172,15,15,TRUE
1240,11,19,144,9,9,TRUE
1240,11,20,208,59,59,TRUE
1240,12,1,162,15,13,FALSE
1240,12,2,126,4,4,TRUE
1240,12,3,217,76,76,TRUE
1240,12,4,134,6,6,TRUE
1240,12,5,212,82,82,TRUE
1240,12,6,203,87,87,TRUE
1240,12,7,155,12,12,TRUE
1240,12,8,230,72,72,TRUE
1240,12,9,132,6,6,TRUE
1240,12,10,227,62,62,TRUE
1240,12,11,123,3,3,TRUE
1240,12,12,196,68,68,TRUE
1240,12,13,205,69,69,TRUE
1240,12,14,158,12,12,TRUE
1240,12,15,195,64,64,TRUE
1240,12,16,240,73,73,TRUE
1240,12,17,173,16,16,TRUE
1240,12,18,206,73,73,TRUE
1240,12,19,180,18,18,TRUE
1240,12,20,147,10,10,TRUE
1242,1,1,113,6,72,FALSE
1242,1,2,26,9,9,TRUE
1242,1,3,42,13,13,TRUE
1242,1,4,68,86,86,TRUE
1242,1,5,2,3,3,TRUE
1242,1,6,63,69,69,TRUE
1242,1,7,119,73,73,TRUE
1242,1,8,94,82,82,TRUE
1242,1,9,10,5,5,TRUE
1242,1,10,51,15,15,TRUE
1242,1,11,20,8,8,TRUE
1242,1,12,100,66,66,TRUE
1242,1,13,57,17,17,TRUE
1242,1,14,88,59,59,TRUE
1242,1,15,9,5,5,TRUE
1242,1,16,39,12,12,TRUE
1242,1,17,83,87,87,TRUE
1242,1,18,60,18,18,TRUE
1242,1,19,114,67,77,FALSE
1242,1,20,73,42,42,TRUE
1242,2,1,85,69,69,TRUE
1242,2,2,92,74,82,FALSE
1242,2,3,3,3,3,TRUE
1242,2,4,86,73,73,TRUE
1242,2,5,13,6,6,TRUE
1242,2,6,19,8,8,TRUE
1242,2,7,17,7,7,TRUE
1242,2,8,105,34,34,TRUE
1242,2,9,102,74,74,TRUE
1242,2,10,111,94,94,TRUE
1242,2,11,109,53,52,FALSE
1242,2,12,35,12,12,TRUE
1242,2,13,47,14,14,TRUE
1242,2,14,90,59,59,TRUE
1242,2,15,70,68,68,TRUE
1242,2,16,52,15,15,TRUE
1242,2,17,15,7,7,TRUE
1242,2,18,50,15,15,TRUE
1242,2,19,69,48,48,TRUE
1242,2,20,34,11,11,TRUE
1242,3,1,95,74,72,FALSE
1242,3,2,80,56,56,TRUE
1242,3,3,5,4,4,TRUE
1242,3,4,6,4,4,TRUE
1242,3,5,53,16,16,TRUE
1242,3,6,1,2,2,TRUE
1242,3,7,31,11,11,TRUE
1242,3,8,84,67,67,TRUE
1242,3,9,62,77,77,TRUE
1242,3,10,76,68,68,TRUE
1242,3,11,107,63,62,FALSE
1242,3,12,93,64,64,TRUE
1242,3,13,61,47,47,TRUE
1242,3,14,91,82,82,TRUE
1242,3,15,22,8,8,TRUE
1242,3,16,118,67,67,TRUE
1242,3,17,33,11,11,TRUE
1242,3,18,37,12,12,TRUE
1242,3,19,7,5,5,TRUE
1242,3,20,58,17,17,TRUE
1242,4,1,78,92,92,TRUE
1242,4,2,75,64,64,TRUE
1242,4,3,40,13,13,TRUE
1242,4,4,87,69,69,TRUE
1242,4,5,99,82,82,TRUE
1242,4,6,56,16,16,TRUE
1242,4,7,44,14,14,TRUE
1242,4,8,30,10,10,TRUE
1242,4,9,29,10,10,TRUE
1242,4,10,49,15,15,TRUE
1242,4,11,23,9,9,TRUE
1242,4,12,67,56,56,TRUE
1242,4,13,64,68,68,TRUE
1242,4,14,12,8,6,FALSE
1242,4,15,116,65,65,TRUE
1242,4,16,112,72,72,TRUE
1242,4,17,16,7,7,TRUE
1242,4,18,32,11,11,TRUE
1242,4,19,96,54,54,TRUE
1242,4,20,115,61,71,FALSE
1242,5,1,48,14,14,TRUE
1242,5,2,110,72,72,TRUE
1242,5,3,74,66,66,TRUE
1242,5,4,25,9,9,TRUE
1242,5,5,59,18,18,TRUE
1242,5,6,8,5,5,TRUE
1242,5,7,106,56,56,TRUE
1242,5,8,81,65,65,TRUE
1242,5,9,21,8,8,TRUE
1242,5,10,120,73,73,TRUE
1242,5,11,82,69,69,TRUE
1242,5,12,98,72,72,TRUE
1242,5,13,43,13,13,TRUE
1242,5,14,18,7,7,TRUE
1242,5,15,46,14,14,TRUE
1242,5,16,24,9,9,TRUE
1242,5,17,66,66,66,TRUE
1242,5,18,71,78,78,TRUE
1242,5,19,117,71,71,TRUE
1242,5,20,54,16,16,TRUE
1242,6,1,27,10,10,TRUE
1242,6,2,65,74,74,TRUE
1242,6,3,77,94,94,TRUE
1242,6,4,41,13,13,TRUE
1242,6,5,28,10,10,TRUE
1242,6,6,103,58,58,TRUE
1242,6,7,38,12,12,TRUE
1242,6,8,89,49,79,FALSE
1242,6,9,11,6,6,TRUE
1242,6,10,36,12,12,TRUE
1242,6,11,45,14,14,TRUE
1242,6,12,79,44,44,TRUE
1242,6,13,101,72,72,TRUE
1242,6,14,97,76,76,TRUE
1242,6,15,104,64,64,TRUE
1242,6,16,4,4,4,TRUE
1242,6,17,55,16,16,TRUE
1242,6,18,72,58,58,TRUE
1242,6,19,108,84,84,TRUE
1242,6,20,14,6,6,TRUE
1242,7,1,156,12,12,TRUE
1242,7,2,240,73,73,TRUE
1242,7,3,154,11,11,TRUE
1242,7,4,236,65,65,TRUE
1242,7,5,122,3,3,TRUE
1242,7,6,206,73,73,TRUE
1242,7,7,199,44,44,TRUE
1242,7,8,145,9,9,TRUE
1242,7,9,214,82,82,TRUE
1242,7,10,202,69,69,TRUE
1242,7,11,124,4,4,TRUE
1242,7,12,165,14,14,TRUE
1242,7,13,126,4,4,TRUE
1242,7,14,125,4,4,TRUE
1242,7,15,190,68,68,TRUE
1242,7,16,225,34,34,TRUE
1242,7,17,174,16,16,TRUE
1242,7,18,239,73,73,TRUE
1242,7,19,175,16,16,TRUE
1242,7,20,191,78,78,TRUE
1242,8,1,143,9,9,TRUE
1242,8,2,135,7,7,TRUE
1242,8,3,193,42,42,TRUE
1242,8,4,149,10,10,TRUE
1242,8,5,231,54,94,FALSE
1242,8,6,177,17,17,TRUE
1242,8,7,183,69,69,TRUE
1242,8,8,228,84,84,TRUE
1242,8,9,234,77,77,TRUE
1242,8,10,153,11,11,TRUE
1242,8,11,128,5,5,TRUE
1242,8,12,204,67,67,TRUE
1242,8,13,163,13,13,TRUE
1242,8,14,212,82,82,TRUE
1242,8,15,127,5,5,TRUE
1242,8,16,185,74,74,TRUE
1242,8,17,230,72,72,TRUE
1242,8,18,157,13,12,FALSE
1242,8,19,210,59,59,TRUE
1242,8,20,166,14,14,TRUE
1242,9,1,123,3,3,TRUE
1242,9,2,207,69,69,TRUE
1242,9,3,131,6,6,TRUE
1242,9,4,136,7,7,TRUE
1242,9,5,150,10,10,TRUE
1242,9,6,209,79,79,TRUE
1242,9,7,222,74,74,TRUE
1242,9,8,192,58,58,TRUE
1242,9,9,197,94,94,TRUE
1242,9,10,155,12,12,TRUE
1242,9,11,221,72,72,TRUE
1242,9,12,186,66,66,TRUE
1242,9,13,211,82,82,TRUE
1242,9,14,151,11,11,TRUE
1242,9,15,220,66,66,TRUE
1242,9,16,219,82,82,TRUE
1242,9,17,178,17,17,TRUE
1242,9,18,159,12,12,TRUE
1242,9,19,179,18,18,TRUE
1242,9,20,140,8,8,TRUE
1242,10,1,224,64,64,TRUE
1242,10,2,134,8,6,FALSE
1242,10,3,167,14,14,TRUE
1242,10,4,147,10,10,TRUE
1242,10,5,180,18,18,TRUE
1242,10,6,141,8,8,TRUE
1242,10,7,169,15,15,TRUE
1242,10,8,235,71,71,TRUE
1242,10,9,130,5,5,TRUE
1242,10,10,168,14,14,TRUE
1242,10,11,227,62,62,TRUE
1242,10,12,182,77,77,TRUE
1242,10,13,218,72,72,TRUE
1242,10,14,188,86,86,TRUE
1242,10,15,194,66,66,TRUE
1242,10,16,232,72,72,TRUE
1242,10,17,203,87,87,TRUE
1242,10,18,164,14,14,TRUE
1242,10,19,187,56,56,TRUE
1242,10,20,133,6,6,TRUE
1242,11,1,200,56,56,TRUE
1242,11,2,148,10,10,TRUE
1242,11,3,195,64,64,TRUE
1242,11,4,171,15,15,TRUE
1242,11,5,226,56,56,TRUE
1242,11,6,237,71,71,TRUE
1242,11,7,137,7,7,TRUE
1242,11,8,170,15,15,TRUE
1242,11,9,152,11,11,TRUE
1242,11,10,173,16,16,TRUE
1242,11,11,160,13,13,TRUE
1242,11,12,198,92,92,TRUE
1242,11,13,142,8,8,TRUE
1242,11,14,208,59,59,TRUE
1242,11,15,215,72,72,TRUE
1242,11,16,132,6,6,TRUE
1242,11,17,139,8,8,TRUE
1242,11,18,229,52,52,TRUE
1242,11,19,217,74,76,FALSE
1242,11,20,201,65,65,TRUE
1242,12,1,129,5,5,TRUE
1242,12,2,181,47,47,TRUE
1242,12,3,158,12,12,TRUE
1242,12,4,176,16,16,TRUE
1242,12,5,196,68,68,TRUE
1242,12,6,216,54,54,TRUE
1242,12,7,172,15,15,TRUE
1242,12,8,213,64,64,TRUE
1242,12,9,238,67,67,TRUE
1242,12,10,161,13,13,TRUE
1242,12,11,121,2,2,TRUE
1242,12,12,189,48,48,TRUE
1242,12,13,205,69,69,TRUE
1242,12,14,138,7,7,TRUE
1242,12,15,144,9,9,TRUE
1242,12,16,146,9,9,TRUE
1242,12,17,162,13,13,TRUE
1242,12,18,223,58,58,TRUE
1242,12,19,184,68,68,TRUE
1242,12,20,233,72,72,TRUE
1243,1,1,103,58,58,TRUE
1243,1,2,94,88,82,FALSE
1243,1,3,81,65,65,TRUE
1243,1,4,7,5,5,TRUE
1243,1,5,89,79,79,TRUE
1243,1,6,118,67,67,TRUE
1243,1,7,25,9,9,TRUE
1243,1,8,10,5,5,TRUE
1243,1,9,111,94,94,TRUE
1243,1,10,41,13,13,TRUE
1243,1,11,82,69,69,TRUE
1243,1,12,32,11,11,TRUE
1243,1,13,45,14,14,TRUE
1243,1,14,58,17,17,TRUE
1243,1,15,33,11,11,TRUE
1243,1,16,83,87,87,TRUE
1243,1,17,20,8,8,TRUE
1243,1,18,23,9,9,TRUE
1243,1,19,106,52,56,FALSE
1243,1,20,64,68,68,TRUE
1243,2,1,16,7,7,TRUE
1243,2,2,119,73,73,TRUE
1243,2,3,17,7,7,TRUE
1243,2,4,6,4,4,TRUE
1243,2,5,44,13,14,FALSE
1243,2,6,37,12,12,TRUE
1243,2,7,74,66,66,TRUE
1243,2,8,63,69,69,TRUE
1243,2,9,86,73,73,TRUE
1243,2,10,108,84,84,TRUE
1243,2,11,53,16,16,TRUE
1243,2,12,21,8,8,TRUE
1243,2,13,49,15,15,TRUE
1243,2,14,11,6,6,TRUE
1243,2,15,115,71,71,TRUE
1243,2,16,70,68,68,TRUE
1243,2,17,50,15,15,TRUE
1243,2,18,116,65,65,TRUE
1243,2,19,71,78,78,TRUE
1243,2,20,112,72,72,TRUE
1243,3,1,34,11,11,TRUE
1243,3,2,96,54,54,TRUE
1243,3,3,26,9,9,TRUE
1243,3,4,117,71,71,TRUE
1243,3,5,99,82,82,TRUE
1243,3,6,48,14,14,TRUE
1243,3,7,27,10,10,TRUE
1243,3,8,66,66,66,TRUE
1243,3,9,114,77,77,TRUE
1243,3,10,55,16,16,TRUE
1243,3,11,77,94,94,TRUE
1243,3,12,52,15,15,TRUE
1243,3,13,75,64,64,TRUE
1243,3,14,85,69,69,TRUE
1243,3,15,15,7,7,TRUE
1243,3,16,92,82,82,TRUE
1243,3,17,54,16,16,TRUE
1243,3,18,76,68,68,TRUE
1243,3,19,3,3,3,TRUE
1243,3,20,2,3,3,TRUE
1243,4,1,29,10,10,TRUE
1243,4,2,56,16,16,TRUE
1243,4,3,107,62,62,TRUE
1243,4,4,61,47,47,TRUE
1243,4,5,36,12,12,TRUE
1243,4,6,39,12,12,TRUE
1243,4,7,72,58,58,TRUE
1243,4,8,9,5,5,TRUE
1243,4,9,93,64,64,TRUE
1243,4,10,95,72,72,TRUE
1243,4,11,62,77,77,TRUE
1243,4,12,59,18,18,TRUE
1243,4,13,47,14,14,TRUE
1243,4,14,104,63,64,FALSE
1243,4,15,13,6,6,TRUE
1243,4,16,30,10,10,TRUE
1243,4,17,5,4,4,TRUE
1243,4,18,67,56,56,TRUE
1243,4,19,79,44,44,TRUE
1243,4,20,110,72,72,TRUE
1243,5,1,120,73,73,TRUE
1243,5,2,31,11,11,TRUE
1243,5,3,24,9,9,TRUE
1243,5,4,14,6,6,TRUE
1243,5,5,109,52,52,TRUE
1243,5,6,69,48,48,TRUE
1243,5,7,43,13,13,TRUE
1243,5,8,18,7,7,TRUE
1243,5,9,90,59,59,TRUE
1243,5,10,102,74,74,TRUE
1243,5,11,46,14,14,TRUE
1243,5,12,51,15,15,TRUE
1243,5,13,28,10,10,TRUE
1243,5,14,80,56,56,TRUE
1243,5,15,98,72,72,TRUE
1243,5,16,12,6,6,TRUE
1243,5,17,84,67,67,TRUE
1243,5,18,65,74,74,TRUE
1243,5,19,35,12,12,TRUE
1243,5,20,100,66,66,TRUE
1243,6,1,8,5,5,TRUE
1243,6,2,87,69,69,TRUE
1243,6,3,97,76,76,TRUE
1243,6,4,4,4,4,TRUE
1243,6,5,60,18,18,TRUE
1243,6,6,73,42,42,TRUE
1243,6,7,38,12,12,TRUE
1243,6,8,88,59,59,TRUE
1243,6,9,19,8,8,TRUE
1243,6,10,78,92,92,TRUE
1243,6,11,57,17,17,TRUE
1243,6,12,22,8,8,TRUE
1243,6,13,113,72,72,TRUE
1243,6,14,1,2,2,TRUE
1243,6,15,68,86,86,TRUE
1243,6,16,105,34,34,TRUE
1243,6,17,101,72,72,TRUE
1243,6,18,42,13,13,TRUE
1243,6,19,40,13,13,TRUE
1243,6,20,91,72,82,FALSE
1243,7,1,220,66,66,TRUE
1243,7,2,226,55,56,FALSE
1243,7,3,201,65,65,TRUE
1243,7,4,142,8,8,TRUE
1243,7,5,136,7,7,TRUE
1243,7,6,143,9,9,TRUE
1243,7,7,195,64,64,TRUE
1243,7,8,128,5,5,TRUE
1243,7,9,180,18,18,TRUE
1243,7,10,205,69,69,TRUE
1243,7,11,188,86,86,TRUE
1243,7,12,239,73,73,TRUE
1243,7,13,172,12,15,FALSE
1243,7,14,179,18,18,TRUE
1243,7,15,160,13,13,TRUE
1243,7,16,189,48,48,TRUE
1243,7,17,175,16,16,TRUE
1243,7,18,125,4,4,TRUE
1243,7,19,236,65,65,TRUE
1243,7,20,230,72,72,TRUE
1243,8,1,138,7,7,TRUE
1243,8,2,173,16,16,TRUE
1243,8,3,124,4,4,TRUE
1243,8,4,235,71,71,TRUE
1243,8,5,231,94,94,TRUE
1243,8,6,168,14,14,TRUE
1243,8,7,144,9,9,TRUE
1243,8,8,183,69,69,TRUE
1243,8,9,196,68,68,TRUE
1243,8,10,163,13,13,TRUE
1243,8,11,131,6,6,TRUE
1243,8,12,170,15,15,TRUE
1243,8,13,198,92,92,TRUE
1243,8,14,149,10,10,TRUE
1243,8,15,232,72,72,TRUE
1243,8,16,240,73,73,TRUE
1243,8,17,208,59,59,TRUE
1243,8,18,210,59,59,TRUE
1243,8,19,165,14,14,TRUE
1243,8,20,224,64,64,TRUE
1243,9,1,211,82,82,TRUE
1243,9,2,152,11,11,TRUE
1243,9,3,207,69,69,TRUE
1243,9,4,155,12,12,TRUE
1243,9,5,171,15,15,TRUE
1243,9,6,190,68,68,TRUE
1243,9,7,150,10,10,TRUE
1243,9,8,166,14,14,TRUE
1243,9,9,219,82,82,TRUE
1243,9,10,185,74,74,TRUE
1243,9,11,130,5,5,TRUE
1243,9,12,135,7,7,TRUE
1243,9,13,204,67,67,TRUE
1243,9,14,193,42,42,TRUE
1243,9,15,216,54,54,TRUE
1243,9,16,127,5,5,TRUE
1243,9,17,153,11,11,TRUE
1243,9,18,237,71,71,TRUE
1243,9,19,214,82,82,TRUE
1243,9,20,133,6,6,TRUE
1243,10,1,161,13,13,TRUE
1243,10,2,206,73,73,TRUE
1243,10,3,146,9,9,TRUE
1243,10,4,184,68,68,TRUE
1243,10,5,177,17,17,TRUE
1243,10,6,199,44,44,TRUE
1243,10,7,122,3,3,TRUE
1243,10,8,167,14,14,TRUE
1243,10,9,123,3,3,TRUE
1243,10,10,147,10,10,TRUE
1243,10,11,176,16,16,TRUE
1243,10,12,238,77,67,FALSE
1243,10,13,139,8,8,TRUE
1243,10,14,154,11,11,TRUE
1243,10,15,203,87,87,TRUE
1243,10,16,222,74,74,TRUE
1243,10,17,215,74,72,FALSE
1243,10,18,202,69,69,TRUE
1243,10,19,213,61,64,FALSE
1243,10,20,225,34,34,TRUE
1243,11,1,174,16,16,TRUE
1243,11,2,129,5,5,TRUE
1243,11,3,186,66,66,TRUE
1243,11,4,197,95,94,FALSE
1243,11,5,212,82,82,TRUE
1243,11,6,169,15,15,TRUE
1243,11,7,126,4,4,TRUE
1243,11,8,164,14,14,TRUE
1243,11,9,233,72,72,TRUE
1243,11,10,141,8,8,TRUE
1243,11,11,200,56,56,TRUE
1243,11,12,158,12,12,TRUE
1243,11,13,218,72,72,TRUE
1243,11,14,132,6,6,TRUE
1243,11,15,162,13,13,TRUE
1243,11,16,192,58,58,TRUE
1243,11,17,221,72,72,TRUE
1243,11,18,227,62,62,TRUE
1243,11,19,148,10,10,TRUE
1243,11,20,191,78,78,TRUE
1243,12,1,209,79,79,TRUE
1243,12,2,229,52,52,TRUE
1243,12,3,217,76,76,TRUE
1243,12,4,194,66,66,TRUE
1243,12,5,137,7,7,TRUE
1243,12,6,234,77,77,TRUE
1243,12,7,181,47,47,TRUE
1243,12,8,187,56,56,TRUE
1243,12,9,178,17,17,TRUE
1243,12,10,157,12,12,TRUE
1243,12,11,134,6,6,TRUE
1243,12,12,121,2,2,TRUE
1243,12,13,156,12,12,TRUE
1243,12,14,182,77,77,TRUE
1243,12,15,223,58,58,TRUE
1243,12,16,228,84,84,TRUE
1243,12,17,140,8,8,TRUE
1243,12,18,159,12,12,TRUE
1243,12,19,145,9,9,TRUE
1243,12,20,151,11,11,TRUE
1244,1,1,65,74,74,TRUE
1244,1,2,64,68,68,TRUE
1244,1,3,21,8,8,TRUE
1244,1,4,85,69,69,TRUE
1244,1,5,58,17,17,TRUE
1244,1,6,42,13,13,TRUE
1244,1,7,109,52,52,TRUE
1244,1,8,101,72,72,TRUE
1244,1,9,1,2,2,TRUE
1244,1,10,6,4,4,TRUE
1244,1,11,112,72,72,TRUE
1244,1,12,100,66,66,TRUE
1244,1,13,49,15,15,TRUE
1244,1,14,74,66,66,TRUE
1244,1,15,115,71,71,TRUE
1244,1,16,16,7,7,TRUE
1244,1,17,12,6,6,TRUE
1244,1,18,35,12,12,TRUE
1244,1,19,61,47,47,TRUE
1244,1,20,55,16,16,TRUE
1244,2,1,79,44,44,TRUE
1244,2,2,23,9,9,TRUE
1244,2,3,84,67,67,TRUE
1244,2,4,96,54,54,TRUE
1244,2,5,51,15,15,TRUE
1244,2,6,95,72,72,TRUE
1244,2,7,73,42,42,TRUE
1244,2,8,106,56,56,TRUE
1244,2,9,87,68,69,FALSE
1244,2,10,47,14,14,TRUE
1244,2,11,26,9,9,TRUE
1244,2,12,88,59,59,TRUE
1244,2,13,8,5,5,TRUE
1244,2,14,108,84,84,TRUE
1244,2,15,40,13,13,TRUE
1244,2,16,94,82,82,TRUE
1244,2,17,44,14,14,TRUE
1244,2,18,4,4,4,TRUE
1244,2,19,59,18,18,TRUE
1244,2,20,24,9,9,TRUE
1244,3,1,120,73,73,TRUE
1244,3,2,77,94,94,TRUE
1244,3,3,11,6,6,TRUE
1244,3,4,68,86,86,TRUE
1244,3,5,36,12,12,TRUE
1244,3,6,27,10,10,TRUE
1244,3,7,7,5,5,TRUE
1244,3,8,13,6,6,TRUE
1244,3,9,32,11,11,TRUE
1244,3,10,50,15,15,TRUE
1244,3,11,80,56,56,TRUE
1244,3,12,110,72,72,TRUE
1244,3,13,2,3,3,TRUE
1244,3,14,37,12,12,TRUE
1244,3,15,75,64,64,TRUE
1244,3,16,91,82,82,TRUE
1244,3,17,99,82,82,TRUE
1244,3,18,46,14,14,TRUE
1244,3,19,117,71,71,TRUE
1244,3,20,67,56,56,TRUE
1244,4,1,45,14,14,TRUE
1244,4,2,89,79,79,TRUE
1244,4,3,20,8,8,TRUE
1244,4,4,38,12,12,TRUE
1244,4,5,22,12,8,FALSE
1244,4,6,3,3,3,TRUE
1244,4,7,69,48,48,TRUE
1244,4,8,34,11,11,TRUE
1244,4,9,114,77,77,TRUE
1244,4,10,18,7,7,TRUE
1244,4,11,9,5,5,TRUE
1244,4,12,70,68,68,TRUE
1244,4,13,41,13,13,TRUE
1244,4,14,57,17,17,TRUE
1244,4,15,66,66,66,TRUE
1244,4,16,98,72,72,TRUE
1244,4,17,97,76,76,TRUE
1244,4,18,78,92,92,TRUE
1244,4,19,103,58,58,TRUE
1244,4,20,111,84,94,FALSE
1244,5,1,90,59,59,TRUE
1244,5,2,113,72,72,TRUE
1244,5,3,25,9,9,TRUE
1244,5,4,30,10,10,TRUE
1244,5,5,5,4,4,TRUE
1244,5,6,54,16,16,TRUE
1244,5,7,19,8,8,TRUE
1244,5,8,107,62,62,TRUE
1244,5,9,63,68,69,FALSE
1244,5,10,118,67,67,TRUE
1244,5,11,105,34,34,TRUE
1244,5,12,43,13,13,TRUE
1244,5,13,60,18,18,TRUE
1244,5,14,83,87,87,TRUE
1244,5,15,56,16,16,TRUE
1244,5,16,72,68,58,FALSE
1244,5,17,92,82,82,TRUE
1244,5,18,17,7,7,TRUE
1244,5,19,71,78,78,TRUE
1244,5,20,31,11,11,TRUE
1244,6,1,53,16,16,TRUE
1244,6,2,86,73,73,TRUE
1244,6,3,62,77,77,TRUE
1244,6,4,48,14,14,TRUE
1244,6,5,15,7,7,TRUE
1244,6,6,33,11,11,TRUE
1244,6,7,28,10,10,TRUE
1244,6,8,104,64,64,TRUE
1244,6,9,14,6,6,TRUE
1244,6,10,39,12,12,TRUE
1244,6,11,10,5,5,TRUE
1244,6,12,81,65,65,TRUE
1244,6,13,93,62,64,FALSE
1244,6,14,76,68,68,TRUE
1244,6,15,29,10,10,TRUE
1244,6,16,116,56,65,FALSE
1244,6,17,119,73,73,TRUE
1244,6,18,52,15,15,TRUE
1244,6,19,82,69,69,TRUE
1244,6,20,102,74,74,TRUE
1244,7,1,130,5,5,TRUE
1244,7,2,129,5,5,TRUE
1244,7,3,172,15,15,TRUE
1244,7,4,122,3,3,TRUE
1244,7,5,226,56,56,TRUE
1244,7,6,148,10,10,TRUE
1244,7,7,190,68,68,TRUE
1244,7,8,213,64,64,TRUE
1244,7,9,164,14,14,TRUE
1244,7,10,178,17,17,TRUE
1244,7,11,240,63,73,FALSE
1244,7,12,174,16,16,TRUE
1244,7,13,128,5,5,TRUE
1244,7,14,184,68,68,TRUE
1244,7,15,187,56,56,TRUE
1244,7,16,230,72,72,TRUE
1244,7,17,182,77,77,TRUE
1244,7,18,157,12,12,TRUE
1244,7,19,229,52,52,TRUE
1244,7,20,198,92,92,TRUE
1244,8,1,183,68,69,FALSE
1244,8,2,166,14,14,TRUE
1244,8,3,176,16,16,TRUE
1244,8,4,170,15,15,TRUE
1244,8,5,237,71,71,TRUE
1244,8,6,205,69,69,TRUE
1244,8,7,132,6,6,TRUE
1244,8,8,163,13,13,TRUE
1244,8,9,150,10,10,TRUE
1244,8,10,195,64,64,TRUE
1244,8,11,233,72,72,TRUE
1244,8,12,216,54,54,TRUE
1244,8,13,138,7,7,TRUE
1244,8,14,156,12,12,TRUE
1244,8,15,189,48,48,TRUE
1244,8,16,225,34,34,TRUE
1244,8,17,217,76,76,TRUE
1244,8,18,141,8,8,TRUE
1244,8,19,137,7,7,TRUE
1244,8,20,204,67,67,TRUE
1244,9,1,210,59,59,TRUE
1244,9,2,214,82,82,TRUE
1244,9,3,227,62,62,TRUE
1244,9,4,121,2,2,TRUE
1244,9,5,234,77,77,TRUE
1244,9,6,177,17,17,TRUE
1244,9,7,207,69,69,TRUE
1244,9,8,218,72,72,TRUE
1244,9,9,143,9,9,TRUE
1244,9,10,203,87,87,TRUE
1244,9,11,212,82,82,TRUE
1244,9,12,136,7,7,TRUE
1244,9,13,147,10,10,TRUE
1244,9,14,196,68,68,TRUE
1244,9,15,165,14,14,TRUE
1244,9,16,144,9,9,TRUE
1244,9,17,161,13,13,TRUE
1244,9,18,181,47,47,TRUE
1244,9,19,171,15,15,TRUE
1244,9,20,169,-,15,FALSE
1244,10,1,135,7,7,TRUE
1244,10,2,208,69,59,FALSE
1244,10,3,235,71,71,TRUE
1244,10,4,127,5,5,TRUE
1244,10,5,168,14,14,TRUE
1244,10,6,145,9,9,TRUE
1244,10,7,228,84,84,TRUE
1244,10,8,219,82,82,TRUE
1244,10,9,180,18,18,TRUE
1244,10,10,224,64,64,TRUE
1244,10,11,152,11,11,TRUE
1244,10,12,149,10,10,TRUE
1244,10,13,202,69,69,TRUE
1244,10,14,236,65,65,TRUE
1244,10,15,160,13,13,TRUE
1244,10,16,201,65,65,TRUE
1244,10,17,185,74,74,TRUE
1244,10,18,158,12,12,TRUE
1244,10,19,140,8,8,TRUE
1244,10,20,191,78,78,TRUE
1244,11,1,193,42,42,TRUE
1244,11,2,215,72,72,TRUE
1244,11,3,146,9,9,TRUE
1244,11,4,188,86,86,TRUE
1244,11,5,232,72,72,TRUE
1244,11,6,194,66,66,TRUE
1244,11,7,175,16,16,TRUE
1244,11,8,221,72,72,TRUE
1244,11,9,200,56,56,TRUE
1244,11,10,186,66,66,TRUE
1244,11,11,131,6,6,TRUE
1244,11,12,211,82,82,TRUE
1244,11,13,162,13,13,TRUE
1244,11,14,123,3,3,TRUE
1244,11,15,133,6,6,TRUE
1244,11,16,220,66,66,TRUE
1244,11,17,126,4,4,TRUE
1244,11,18,159,12,12,TRUE
1244,11,19,179,18,18,TRUE
1244,11,20,155,12,12,TRUE
1244,12,1,173,16,16,TRUE
1244,12,2,199,44,44,TRUE
1244,12,3,124,4,4,TRUE
1244,12,4,142,8,8,TRUE
1244,12,5,151,11,11,TRUE
1244,12,6,125,4,4,TRUE
1244,12,7,238,67,67,TRUE
1244,12,8,192,58,58,TRUE
1244,12,9,209,79,79,TRUE
1244,12,10,239,73,73,TRUE
1244,12,11,206,73,73,TRUE
1244,12,12,223,58,58,TRUE
1244,12,13,139,8,8,TRUE
1244,12,14,222,74,74,TRUE
1244,12,15,231,94,94,TRUE
1244,12,16,197,94,94,TRUE
1244,12,17,134,86,6,FALSE
1244,12,18,154,11,11,TRUE
1244,12,19,167,14,14,TRUE
1244,12,20,153,11,11,TRUE
1245,1,1,94,82,82,TRUE
1245,1,2,29,10,10,TRUE
1245,1,3,97,76,76,TRUE
1245,1,4,41,13,13,TRUE
1245,1,5,65,74,74,TRUE
1245,1,6,89,79,79,TRUE
1245,1,7,78,92,92,TRUE
1245,1,8,111,94,94,TRUE
1245,1,9,95,72,72,TRUE
1245,1,10,52,15,15,TRUE
1245,1,11,50,15,15,TRUE
1245,1,12,21,8,8,TRUE
1245,1,13,24,9,9,TRUE
1245,1,14,17,7,7,TRUE
1245,1,15,80,56,56,TRUE
1245,1,16,91,82,82,TRUE
1245,1,17,68,86,86,TRUE
1245,1,18,55,16,16,TRUE
1245,1,19,42,13,13,TRUE
1245,1,20,3,3,3,TRUE
1245,2,1,83,87,87,TRUE
1245,2,2,30,10,10,TRUE
1245,2,3,43,13,13,TRUE
1245,2,4,19,8,8,TRUE
1245,2,5,15,7,7,TRUE
1245,2,6,74,66,66,TRUE
1245,2,7,107,62,62,TRUE
1245,2,8,115,71,71,TRUE
1245,2,9,53,16,16,TRUE
1245,2,10,70,68,68,TRUE
1245,2,11,120,73,73,TRUE
1245,2,12,103,58,58,TRUE
1245,2,13,67,56,56,TRUE
1245,2,14,54,16,16,TRUE
1245,2,15,34,11,11,TRUE
1245,2,16,82,69,69,TRUE
1245,2,17,27,10,10,TRUE
1245,2,18,22,8,8,TRUE
1245,2,19,38,12,12,TRUE
1245,2,20,101,72,72,TRUE
1245,3,1,56,16,16,TRUE
1245,3,2,23,9,9,TRUE
1245,3,3,39,12,12,TRUE
1245,3,4,119,73,73,TRUE
1245,3,5,14,6,6,TRUE
1245,3,6,26,9,9,TRUE
1245,3,7,73,42,42,TRUE
1245,3,8,100,66,66,TRUE
1245,3,9,20,8,8,TRUE
1245,3,10,84,67,67,TRUE
1245,3,11,117,71,71,TRUE
1245,3,12,108,84,84,TRUE
1245,3,13,59,18,18,TRUE
1245,3,14,104,64,64,TRUE
1245,3,15,33,11,11,TRUE
1245,3,16,60,18,18,TRUE
1245,3,17,7,5,5,TRUE
1245,3,18,88,59,59,TRUE
1245,3,19,71,78,78,TRUE
1245,3,20,77,94,94,TRUE
1245,4,1,16,7,7,TRUE
1245,4,2,96,54,54,TRUE
1245,4,3,48,14,14,TRUE
1245,4,4,116,65,65,TRUE
1245,4,5,58,17,17,TRUE
1245,4,6,2,3,3,TRUE
1245,4,7,109,52,52,TRUE
1245,4,8,49,15,15,TRUE
1245,4,9,76,68,68,TRUE
1245,4,10,57,17,17,TRUE
1245,4,11,61,47,47,TRUE
1245,4,12,87,69,69,TRUE
1245,4,13,28,10,10,TRUE
1245,4,14,36,12,12,TRUE
1245,4,15,118,67,67,TRUE
1245,4,16,114,77,77,TRUE
1245,4,17,63,69,69,TRUE
1245,4,18,6,4,4,TRUE
1245,4,19,72,58,58,TRUE
1245,4,20,9,5,5,TRUE
1245,5,1,69,48,48,TRUE
1245,5,2,10,5,5,TRUE
1245,5,3,85,69,69,TRUE
1245,5,4,86,73,73,TRUE
1245,5,5,46,14,14,TRUE
1245,5,6,113,72,72,TRUE
1245,5,7,32,11,11,TRUE
1245,5,8,92,82,82,TRUE
1245,5,9,40,13,13,TRUE
1245,5,10,66,66,66,TRUE
1245,5,11,4,4,4,TRUE
1245,5,12,102,74,74,TRUE
1245,5,13,11,6,6,TRUE
1245,5,14,12,6,6,TRUE
1245,5,15,79,44,44,TRUE
1245,5,16,112,72,72,TRUE
1245,5,17,35,12,12,TRUE
1245,5,18,99,82,82,TRUE
1245,5,19,5,4,4,TRUE
1245,5,20,47,14,14,TRUE
1245,6,1,18,7,7,TRUE
1245,6,2,75,64,64,TRUE
1245,6,3,45,14,14,TRUE
1245,6,4,13,6,6,TRUE
1245,6,5,93,64,64,TRUE
1245,6,6,44,14,14,TRUE
1245,6,7,8,5,5,TRUE
1245,6,8,64,68,68,TRUE
1245,6,9,81,65,65,TRUE
1245,6,10,25,9,9,TRUE
1245,6,11,98,72,72,TRUE
1245,6,12,31,11,11,TRUE
1245,6,13,37,12,12,TRUE
1245,6,14,110,72,72,TRUE
1245,6,15,51,15,15,TRUE
1245,6,16,62,77,77,TRUE
1245,6,17,105,34,34,TRUE
1245,6,18,1,2,2,TRUE
1245,6,19,90,59,59,TRUE
1245,6,20,106,56,56,TRUE
1245,7,1,233,72,72,TRUE
1245,7,2,172,15,15,TRUE
1245,7,3,217,76,76,TRUE
1245,7,4,141,8,8,TRUE
1245,7,5,145,9,9,TRUE
1245,7,6,202,69,69,TRUE
1245,7,7,140,8,8,TRUE
1245,7,8,152,11,11,TRUE
1245,7,9,192,58,58,TRUE
1245,7,10,127,5,5,TRUE
1245,7,11,166,14,14,TRUE
1245,7,12,187,56,56,TRUE
1245,7,13,186,66,66,TRUE
1245,7,14,178,17,17,TRUE
1245,7,15,232,72,72,TRUE
1245,7,16,213,64,64,TRUE
1245,7,17,235,71,71,TRUE
1245,7,18,199,44,44,TRUE
1245,7,19,153,11,11,TRUE
1245,7,20,132,6,6,TRUE
1245,8,1,234,72,77,FALSE
1245,8,2,223,58,58,TRUE
1245,8,3,165,14,14,TRUE
1245,8,4,150,10,10,TRUE
1245,8,5,179,18,18,TRUE
1245,8,6,155,12,12,TRUE
1245,8,7,208,59,59,TRUE
1245,8,8,148,10,10,TRUE
1245,8,9,158,12,12,TRUE
1245,8,10,184,68,68,TRUE
1245,8,11,173,16,16,TRUE
1245,8,12,229,52,52,TRUE
1245,8,13,128,5,5,TRUE
1245,8,14,212,82,82,TRUE
1245,8,15,190,68,68,TRUE
1245,8,16,126,4,4,TRUE
1245,8,17,188,86,86,TRUE
1245,8,18,194,66,66,TRUE
1245,8,19,215,72,72,TRUE
1245,8,20,147,10,10,TRUE
1245,9,1,176,16,16,TRUE
1245,9,2,222,74,74,TRUE
1245,9,3,130,5,5,TRUE
1245,9,4,195,64,64,TRUE
1245,9,5,181,47,47,TRUE
1245,9,6,196,68,68,TRUE
1245,9,7,193,42,42,TRUE
1245,9,8,133,6,6,TRUE
1245,9,9,167,14,14,TRUE
1245,9,10,220,66,66,TRUE
1245,9,11,219,82,82,TRUE
1245,9,12,228,84,84,TRUE
1245,9,13,156,12,12,TRUE
1245,9,14,139,8,8,TRUE
1245,9,15,121,2,2,TRUE
1245,9,16,169,15,15,TRUE
1245,9,17,230,72,72,TRUE
1245,9,18,131,6,6,TRUE
1245,9,19,206,73,73,TRUE
1245,9,20,151,11,11,TRUE
1245,10,1,203,87,87,TRUE
1245,10,2,164,14,14,TRUE
1245,10,3,125,4,4,TRUE
1245,10,4,209,79,79,TRUE
1245,10,5,142,8,8,TRUE
1245,10,6,216,54,54,TRUE
1245,10,7,146,9,9,TRUE
1245,10,8,163,13,13,TRUE
1245,10,9,240,73,73,TRUE
1245,10,10,122,3,3,TRUE
1245,10,11,171,15,15,TRUE
1245,10,12,175,16,16,TRUE
1245,10,13,143,9,9,TRUE
1245,10,14,237,71,71,TRUE
1245,10,15,204,67,67,TRUE
1245,10,16,159,12,12,TRUE
1245,10,17,236,65,65,TRUE
1245,10,18,226,56,56,TRUE
1245,10,19,210,59,59,TRUE
1245,10,20,207,69,69,TRUE
1245,11,1,231,94,94,TRUE
1245,11,2,201,65,65,TRUE
1245,11,3,136,7,7,TRUE
1245,11,4,137,7,7,TRUE
1245,11,5,198,92,92,TRUE
1245,11,6,154,11,11,TRUE
1245,11,7,174,16,16,TRUE
1245,11,8,239,73,73,TRUE
1245,11,9,183,69,69,TRUE
1245,11,10,157,12,12,TRUE
1245,11,11,185,74,74,TRUE
1245,11,12,218,72,72,TRUE
1245,11,13,160,13,13,TRUE
1245,11,14,144,9,9,TRUE
1245,11,15,177,17,17,TRUE
1245,11,16,211,82,82,TRUE
1245,11,17,123,3,3,TRUE
1245,11,18,189,48,48,TRUE
1245,11,19,224,64,64,TRUE
1245,11,20,129,5,5,TRUE
1245,12,1,124,4,4,TRUE
1245,12,2,138,7,7,TRUE
1245,12,3,205,69,69,TRUE
1245,12,4,170,15,15,TRUE
1245,12,5,238,67,67,TRUE
1245,12,6,161,13,13,TRUE
1245,12,7,221,72,72,TRUE
1245,12,8,200,56,56,TRUE
1245,12,9,135,7,7,TRUE
1245,12,10,149,10,10,TRUE
1245,12,11,134,6,6,TRUE
1245,12,12,180,18,18,TRUE
1245,12,13,162,13,13,TRUE
1245,12,14,225,34,34,TRUE
1245,12,15,214,82,82,TRUE
1245,12,16,227,62,62,TRUE
1245,12,17,182,77,77,TRUE
1245,12,18,197,94,94,TRUE
1245,12,19,191,78,78,TRUE
1245,12,20,168,14,14,TRUE
1246,1,1,89,79,79,TRUE
1246,1,2,19,8,8,TRUE
1246,1,3,5,4,4,TRUE
1246,1,4,116,64,65,FALSE
1246,1,5,31,11,11,TRUE
1246,1,6,81,65,65,TRUE
1246,1,7,91,- *,82,FALSE
1246,1,8,65,72,74,FALSE
1246,1,9,98,72,72,TRUE
1246,1,10,77,94,94,TRUE
1246,1,11,22,8,8,TRUE
1246,1,12,49,15,15,TRUE
1246,1,13,61,47,47,TRUE
1246,1,14,43,13,13,TRUE
1246,1,15,39,12,12,TRUE
1246,1,16,53,16,16,TRUE
1246,1,17,93,54,64,FALSE
1246,1,18,119,64,73,FALSE
1246,1,19,7,5,5,TRUE
1246,1,20,18,7,7,TRUE
1246,2,1,117,71,71,TRUE
1246,2,2,120,-,73,FALSE
1246,2,3,52,15,15,TRUE
1246,2,4,63,-,69,FALSE
1246,2,5,32,11,11,TRUE
1246,2,6,58,17,17,TRUE
1246,2,7,100,63,66,FALSE
1246,2,8,57,17,17,TRUE
1246,2,9,87,69,69,TRUE
1246,2,10,27,10,10,TRUE
1246,2,11,30,10,10,TRUE
1246,2,12,109,52,52,TRUE
1246,2,13,1,2,2,TRUE
1246,2,14,111,92,94,FALSE
1246,2,15,70,68,68,TRUE
1246,2,16,20,8,8,TRUE
1246,2,17,82,69,69,TRUE
1246,2,18,12,6,6,TRUE
1246,2,19,60,18,18,TRUE
1246,2,20,86,73,73,TRUE
1246,3,1,13,6,6,TRUE
1246,3,2,80,56,56,TRUE
1246,3,3,73,42,42,TRUE
1246,3,4,25,9,9,TRUE
1246,3,5,101,-,72,FALSE
1246,3,6,64,68,68,TRUE
1246,3,7,47,14,14,TRUE
1246,3,8,110,72,72,TRUE
1246,3,9,17,7,7,TRUE
1246,3,10,50,15,15,TRUE
1246,3,11,2,3,3,TRUE
1246,3,12,55,16,16,TRUE
1246,3,13,75,64,64,TRUE
1246,3,14,36,12,12,TRUE
1246,3,15,66,66,66,TRUE
1246,3,16,103,48,58,FALSE
1246,3,17,102,-,74,FALSE
1246,3,18,24,9,9,TRUE
1246,3,19,108,84,84,TRUE
1246,3,20,42,13,13,TRUE
1246,4,1,37,12,12,TRUE
1246,4,2,96,54,54,TRUE
1246,4,3,88,59,59,TRUE
1246,4,4,95,74,72,FALSE
1246,4,5,76,68,68,TRUE
1246,4,6,14,6,6,TRUE
1246,4,7,21,8,8,TRUE
1246,4,8,40,13,13,TRUE
1246,4,9,72,58,58,TRUE
1246,4,10,54,16,16,TRUE
1246,4,11,71,78,78,TRUE
1246,4,12,46,14,14,TRUE
1246,4,13,84,67,67,TRUE
1246,4,14,113,72,72,TRUE
1246,4,15,118,67,67,TRUE
1246,4,16,8,5,5,TRUE
1246,4,17,26,9,9,TRUE
1246,4,18,92,82,82,TRUE
1246,4,19,44,14,14,TRUE
1246,4,20,10,5,5,TRUE
1246,5,1,68,86,86,TRUE
1246,5,2,99,82,82,TRUE
1246,5,3,67,56,56,TRUE
1246,5,4,51,15,15,TRUE
1246,5,5,62,77,77,TRUE
1246,5,6,29,10,10,TRUE
1246,5,7,97,76,76,TRUE
1246,5,8,4,4,4,TRUE
1246,5,9,11,6,6,TRUE
1246,5,10,56,16,16,TRUE
1246,5,11,6,4,4,TRUE
1246,5,12,78,92,92,TRUE
1246,5,13,114,72,77,FALSE
1246,5,14,35,12,12,TRUE
1246,5,15,74,66,66,TRUE
1246,5,16,16,7,7,TRUE
1246,5,17,45,14,14,TRUE
1246,5,18,105,34,34,TRUE
1246,5,19,41,13,13,TRUE
1246,5,20,106,46,56,FALSE
1246,6,1,83,87,87,TRUE
1246,6,2,85,69,69,TRUE
1246,6,3,33,11,11,TRUE
1246,6,4,115,78,71,FALSE
1246,6,5,23,9,9,TRUE
1246,6,6,34,11,11,TRUE
1246,6,7,107,62,62,TRUE
1246,6,8,69,48,48,TRUE
1246,6,9,38,12,12,TRUE
1246,6,10,104,54,64,FALSE
1246,6,11,90,59,59,TRUE
1246,6,12,94,82,82,TRUE
1246,6,13,79,44,44,TRUE
1246,6,14,9,5,5,TRUE
1246,6,15,28,10,10,TRUE
1246,6,16,15,7,7,TRUE
1246,6,17,3,3,3,TRUE
1246,6,18,48,14,14,TRUE
1246,6,19,112,72,72,TRUE
1246,6,20,59,18,18,TRUE
1246,7,1,181,47,47,TRUE
1246,7,2,215,62,72,FALSE
1246,7,3,141,8,8,TRUE
1246,7,4,145,9,9,TRUE
1246,7,5,176,16,16,TRUE
1246,7,6,209,79,79,TRUE
1246,7,7,122,3,3,TRUE
1246,7,8,171,15,15,TRUE
1246,7,9,168,14,14,TRUE
1246,7,10,166,14,14,TRUE
1246,7,11,223,58,58,TRUE
1246,7,12,140,8,8,TRUE
1246,7,13,139,8,8,TRUE
1246,7,14,172,15,15,TRUE
1246,7,15,214,82,82,TRUE
1246,7,16,198,92,92,TRUE
1246,7,17,196,68,68,TRUE
1246,7,18,182,77,77,TRUE
1246,7,19,220,60,66,FALSE
1246,7,20,231,94,94,TRUE
1246,8,1,150,10,10,TRUE
1246,8,2,157,12,12,TRUE
1246,8,3,169,15,15,TRUE
1246,8,4,184,68,68,TRUE
1246,8,5,222,74,74,TRUE
1246,8,6,135,7,7,TRUE
1246,8,7,164,14,14,TRUE
1246,8,8,206,73,73,TRUE
1246,8,9,154,11,11,TRUE
1246,8,10,124,4,4,TRUE
1246,8,11,128,5,5,TRUE
1246,8,12,240,-,73,FALSE
1246,8,13,201,73,65,FALSE
1246,8,14,236,65,65,TRUE
1246,8,15,192,65,58,FALSE
1246,8,16,127,58,5,FALSE
1246,8,17,219,5,82,FALSE
1246,8,18,204,82,67,FALSE
1246,8,19,232,40,72,FALSE
1246,8,20,178,17,17,TRUE
1246,9,1,153,11,11,TRUE
1246,9,2,131,6,6,TRUE
1246,9,3,134,6,6,TRUE
1246,9,4,205,69,69,TRUE
1246,9,5,179,18,18,TRUE
1246,9,6,121,2,2,TRUE
1246,9,7,183,69,69,TRUE
1246,9,8,217,76,76,TRUE
1246,9,9,225,34,34,TRUE
1246,9,10,224,64,64,TRUE
1246,9,11,208,59,59,TRUE
1246,9,12,216,54,54,TRUE
1246,9,13,130,5,5,TRUE
1246,9,14,234,79,77,FALSE
1246,9,15,210,59,59,TRUE
1246,9,16,152,11,11,TRUE
1246,9,17,165,14,14,TRUE
1246,9,18,174,16,16,TRUE
1246,9,19,199,44,44,TRUE
1246,9,20,129,5,5,TRUE
1246,10,1,163,13,13,TRUE
1246,10,2,237,71,71,TRUE
1246,10,3,213,64,64,TRUE
1246,10,4,149,10,10,TRUE
1246,10,5,160,13,13,TRUE
1246,10,6,177,17,17,TRUE
1246,10,7,159,12,12,TRUE
1246,10,8,136,7,7,TRUE
1246,10,9,195,64,64,TRUE
1246,10,10,147,10,10,TRUE
1246,10,11,185,74,74,TRUE
1246,10,12,193,42,42,TRUE
1246,10,13,190,68,68,TRUE
1246,10,14,207,69,69,TRUE
1246,10,15,144,9,9,TRUE
1246,10,16,233,72,72,TRUE
1246,10,17,156,12,12,TRUE
1246,10,18,228,84,84,TRUE
1246,10,19,229,52,52,TRUE
1246,10,20,137,7,7,TRUE
1246,11,1,203,87,87,TRUE
1246,11,2,197,94,94,TRUE
1246,11,3,173,16,16,TRUE
1246,11,4,191,78,78,TRUE
1246,11,5,126,4,4,TRUE
1246,11,6,180,18,18,TRUE
1246,11,7,238,67,67,TRUE
1246,11,8,138,7,7,TRUE
1246,11,9,148,10,10,TRUE
1246,11,10,170,15,15,TRUE
1246,11,11,211,66,82,FALSE
1246,11,12,194,82,66,FALSE
1246,11,13,212,56,82,FALSE
1246,11,14,187,8,56,FALSE
1246,11,15,142,4,8,FALSE
1246,11,16,125,12,4,FALSE
1246,11,17,155,13,12,FALSE
1246,11,18,161,71,13,FALSE
1246,11,19,235,- *,71,FALSE
1246,11,20,221,71,72,FALSE
1246,12,1,230,62,72,FALSE
1246,12,2,162,13,13,TRUE
1246,12,3,132,6,6,TRUE
1246,12,4,200,56,56,TRUE
1246,12,5,227,62,62,TRUE
1246,12,6,143,9,9,TRUE
1246,12,7,158,12,12,TRUE
1246,12,8,239,73,73,TRUE
1246,12,9,189,48,48,TRUE
1246,12,10,133,6,6,TRUE
1246,12,11,146,9,9,TRUE
1246,12,12,123,3,3,TRUE
1246,12,13,175,16,16,TRUE
1246,12,14,186,66,66,TRUE
1246,12,15,202,69,69,TRUE
1246,12,16,226,56,56,TRUE
1246,12,17,151,11,11,TRUE
1246,12,18,167,14,14,TRUE
1246,12,19,218,72,72,TRUE
1246,12,20,188,86,86,TRUE
1249,1,1,91,82,82,TRUE
1249,1,2,96,54,54,TRUE
1249,1,3,51,- *,15,FALSE
1249,1,4,71,78,78,TRUE
1249,1,5,89,82,79,FALSE
1249,1,6,80,56,56,TRUE
1249,1,7,49,15,15,TRUE
1249,1,8,54,16,16,TRUE
1249,1,9,52,15,15,TRUE
1249,1,10,16,7,7,TRUE
1249,1,11,50,- *,15,FALSE
1249,1,12,17,7,7,TRUE
1249,1,13,2,3,3,TRUE
1249,1,14,93,52,64,FALSE
1249,1,15,99,72,82,FALSE
1249,1,16,8,5,5,TRUE
1249,1,17,30,10,10,TRUE
1249,1,18,64,72,68,FALSE
1249,1,19,74,66,66,TRUE
1249,1,20,101,- *,72,FALSE
1249,2,1,26,8,9,FALSE
1249,2,2,22,8,8,TRUE
1249,2,3,81,65,65,TRUE
1249,2,4,117,71,71,TRUE
1249,2,5,119,63,73,FALSE
1249,2,6,36,12,12,TRUE
1249,2,7,34,11,11,TRUE
1249,2,8,20,8,8,TRUE
1249,2,9,72,58,58,TRUE
1249,2,10,1,2,2,TRUE
1249,2,11,116,65,65,TRUE
1249,2,12,73,42,42,TRUE
1249,2,13,58,13,17,FALSE
1249,2,14,53,- *,16,FALSE
1249,2,15,10,5,5,TRUE
1249,2,16,66,66,66,TRUE
1249,2,17,42,13,13,TRUE
1249,2,18,114,- *,77,FALSE
1249,2,19,83,87,87,TRUE
1249,2,20,103,38,58,FALSE
1249,3,1,38,12,12,TRUE
1249,3,2,60,18,18,TRUE
1249,3,3,41,13,13,TRUE
1249,3,4,11,6,6,TRUE
1249,3,5,92,84,82,FALSE
1249,3,6,62,77,77,TRUE
1249,3,7,40,13,13,TRUE
1249,3,8,18,7,7,TRUE
1249,3,9,57,18,17,FALSE
1249,3,10,102,74,74,TRUE
1249,3,11,61,47,47,TRUE
1249,3,12,105,32,34,FALSE
1249,3,13,115,71,71,TRUE
1249,3,14,21,8,8,TRUE
1249,3,15,106,-,56,FALSE
1249,3,16,63,69,69,TRUE
1249,3,17,6,4,4,TRUE
1249,3,18,19,8,8,TRUE
1249,3,19,69,48,48,TRUE
1249,3,20,87,69,69,TRUE
1249,4,1,112,74,72,FALSE
1249,4,2,13,6,6,TRUE
1249,4,3,46,14,14,TRUE
1249,4,4,39,12,12,TRUE
1249,4,5,65,74,74,TRUE
1249,4,6,113,40,72,FALSE
1249,4,7,67,56,56,TRUE
1249,4,8,29,10,10,TRUE
1249,4,9,14,6,6,TRUE
1249,4,10,25,9,9,TRUE
1249,4,11,79,44,44,TRUE
1249,4,12,56,13,16,FALSE
1249,4,13,55,16,16,TRUE
1249,4,14,85,69,69,TRUE
1249,4,15,94,79,82,FALSE
1249,4,16,5,4,4,TRUE
1249,4,17,44,14,14,TRUE
1249,4,18,120,73,73,TRUE
1249,4,19,68,86,86,TRUE
1249,4,20,111,74,94,FALSE
1249,5,1,24,9,9,TRUE
1249,5,2,31,11,11,TRUE
1249,5,3,75,64,64,TRUE
1249,5,4,98,72,72,TRUE
1249,5,5,3,3,3,TRUE
1249,5,6,109,53,52,FALSE
1249,5,7,82,69,69,TRUE
1249,5,8,27,10,10,TRUE
1249,5,9,77,94,94,TRUE
1249,5,10,95,72,72,TRUE
1249,5,11,32,12,11,FALSE
1249,5,12,7,5,5,TRUE
1249,5,13,15,7,7,TRUE
1249,5,14,118,67,67,TRUE
1249,5,15,97,46,76,FALSE
1249,5,16,35,12,12,TRUE
1249,5,17,86,73,73,TRUE
1249,5,18,33,11,11,TRUE
1249,5,19,43,13,13,TRUE
1249,5,20,88,59,59,TRUE
1249,6,1,90,59,59,TRUE
1249,6,2,100,76,66,FALSE
1249,6,3,70,68,68,TRUE
1249,6,4,45,14,14,TRUE
1249,6,5,48,14,14,TRUE
1249,6,6,47,-,14,FALSE
1249,6,7,76,68,68,TRUE
1249,6,8,78,92,92,TRUE
1249,6,9,4,4,4,TRUE
1249,6,10,107,72,62,FALSE
1249,6,11,59,18,18,TRUE
1249,6,12,104,64,64,TRUE
1249,6,13,9,6,5,FALSE
1249,6,14,84,67,67,TRUE
1249,6,15,28,10,10,TRUE
1249,6,16,23,9,9,TRUE
1249,6,17,110,72,72,TRUE
1249,6,18,37,12,12,TRUE
1249,6,19,108,74,84,FALSE
1249,6,20,12,6,6,TRUE
1249,7,1,123,3,3,TRUE
1249,7,2,156,12,12,TRUE
1249,7,3,209,69,79,FALSE
1249,7,4,237,71,71,TRUE
1249,7,5,128,6,5,FALSE
1249,7,6,165,14,14,TRUE
1249,7,7,181,47,47,TRUE
1249,7,8,137,7,7,TRUE
1249,7,9,212,72,82,FALSE
1249,7,10,197,94,94,TRUE
1249,7,11,194,66,66,TRUE
1249,7,12,207,69,69,TRUE
1249,7,13,163,13,13,TRUE
1249,7,14,121,2,2,TRUE
1249,7,15,177,17,17,TRUE
1249,7,16,162,13,13,TRUE
1249,7,17,233,72,72,TRUE
1249,7,18,216,54,54,TRUE
1249,7,19,224,64,64,TRUE
1249,7,20,134,6,6,TRUE
1249,8,1,220,66,66,TRUE
1249,8,2,166,14,14,TRUE
1249,8,3,202,69,69,TRUE
1249,8,4,178,17,17,TRUE
1249,8,5,199,44,44,TRUE
1249,8,6,231,64,94,FALSE
1249,8,7,187,56,56,TRUE
1249,8,8,124,4,4,TRUE
1249,8,9,145,9,9,TRUE
1249,8,10,206,73,73,TRUE
1249,8,11,151,11,11,TRUE
1249,8,12,164,14,14,TRUE
1249,8,13,132,6,6,TRUE
1249,8,14,222,74,74,TRUE
1249,8,15,138,7,7,TRUE
1249,8,16,219,82,82,TRUE
1249,8,17,183,69,69,TRUE
1249,8,18,229,62,52,FALSE
1249,8,19,141,8,8,TRUE
1249,8,20,169,12,15,FALSE
1249,9,1,170,13,15,FALSE
1249,9,2,235,71,71,TRUE
1249,9,3,214,72,82,FALSE
1249,9,4,218,72,72,TRUE
1249,9,5,179,18,18,TRUE
1249,9,6,221,82,72,FALSE
1249,9,7,127,5,5,TRUE
1249,9,8,168,14,14,TRUE
1249,9,9,173,14,16,FALSE
1249,9,10,195,64,64,TRUE
1249,9,11,204,67,67,TRUE
1249,9,12,185,74,74,TRUE
1249,9,13,146,9,9,TRUE
1249,9,14,176,13,16,FALSE
1249,9,15,198,92,92,TRUE
1249,9,16,223,58,58,TRUE
1249,9,17,125,4,4,TRUE
1249,9,18,196,68,68,TRUE
1249,9,19,130,5,5,TRUE
1249,9,20,129,6,5,FALSE
1249,10,1,239,73,73,TRUE
1249,10,2,236,64,65,FALSE
1249,10,3,160,13,13,TRUE
1249,10,4,228,84,84,TRUE
1249,10,5,122,3,3,TRUE
1249,10,6,140,8,8,TRUE
1249,10,7,175,16,16,TRUE
1249,10,8,215,72,72,TRUE
1249,10,9,217,76,76,TRUE
1249,10,10,190,68,68,TRUE
1249,10,11,193,42,42,TRUE
1249,10,12,200,56,56,TRUE
1249,10,13,184,68,68,TRUE
1249,10,14,182,77,77,TRUE
1249,10,15,142,8,8,TRUE
1249,10,16,135,7,7,TRUE
1249,10,17,154,11,11,TRUE
1249,10,18,144,9,9,TRUE
1249,10,19,180,18,18,TRUE
1249,10,20,159,12,12,TRUE
1249,11,1,133,6,6,TRUE
1249,11,2,238,67,67,TRUE
1249,11,3,174,16,16,TRUE
1249,11,4,227,67,62,FALSE
1249,11,5,225,34,34,TRUE
1249,11,6,192,58,58,TRUE
1249,11,7,230,74,72,FALSE
1249,11,8,152,12,11,FALSE
1249,11,9,147,10,10,TRUE
1249,11,10,201,65,65,TRUE
1249,11,11,208,59,59,TRUE
1249,11,12,143,9,9,TRUE
1249,11,13,188,86,86,TRUE
1249,11,14,148,10,10,TRUE
1249,11,15,172,13,15,FALSE
1249,11,16,158,12,12,TRUE
1249,11,17,189,47,48,FALSE
1249,11,18,150,10,10,TRUE
1249,11,19,234,87,77,FALSE
1249,11,20,167,14,14,TRUE
1249,12,1,205,69,69,TRUE
1249,12,2,126,4,4,TRUE
1249,12,3,203,87,87,TRUE
1249,12,4,136,7,7,TRUE
1249,12,5,240,63,73,FALSE
1249,12,6,153,11,11,TRUE
1249,12,7,131,6,6,TRUE
1249,12,8,232,72,72,TRUE
1249,12,9,226,54,56,FALSE
1249,12,10,213,64,64,TRUE
1249,12,11,161,12,13,FALSE
1249,12,12,139,8,8,TRUE
1249,12,13,157,13,12,FALSE
1249,12,14,211,82,82,TRUE
1249,12,15,186,66,66,TRUE
1249,12,16,210,59,59,TRUE
1249,12,17,171,13,15,FALSE
1249,12,18,191,78,78,TRUE
1249,12,19,149,10,10,TRUE
1249,12,20,155,12,12,TRUE
1251,1,1,119,64,73,FALSE
1251,1,2,14,6,6,TRUE
1251,1,3,56,17,16,FALSE
1251,1,4,18,7,7,TRUE
1251,1,5,88,59,59,TRUE
1251,1,6,117,71,71,TRUE
1251,1,7,28,10,10,TRUE
1251,1,8,30,10,10,TRUE
1251,1,9,80,56,56,TRUE
1251,1,10,79,44,44,TRUE
1251,1,11,95,62,72,FALSE
1251,1,12,93,64,64,TRUE
1251,1,13,13,6,6,TRUE
1251,1,14,64,68,68,TRUE
1251,1,15,31,11,11,TRUE
1251,1,16,38,12,12,TRUE
1251,1,17,94,82,82,TRUE
1251,1,18,59,18,18,TRUE
1251,1,19,83,87,87,TRUE
1251,1,20,47,14,14,TRUE
1251,2,1,52,15,15,TRUE
1251,2,2,113,72,72,TRUE
1251,2,3,65,74,74,TRUE
1251,2,4,23,9,9,TRUE
1251,2,5,104,65,64,FALSE
1251,2,6,27,10,10,TRUE
1251,2,7,66,66,66,TRUE
1251,2,8,24,9,9,TRUE
1251,2,9,115,71,71,TRUE
1251,2,10,42,13,13,TRUE
1251,2,11,67,56,56,TRUE
1251,2,12,106,57,56,FALSE
1251,2,13,15,7,7,TRUE
1251,2,14,40,15,13,FALSE
1251,2,15,75,64,64,TRUE
1251,2,16,68,86,86,TRUE
1251,2,17,36,12,12,TRUE
1251,2,18,26,9,9,TRUE
1251,2,19,37,12,12,TRUE
1251,2,20,107,52,62,FALSE
1251,3,1,101,72,72,TRUE
1251,3,2,111,94,94,TRUE
1251,3,3,33,11,11,TRUE
1251,3,4,50,15,15,TRUE
1251,3,5,1,2,2,TRUE
1251,3,6,109,52,52,TRUE
1251,3,7,45,14,14,TRUE
1251,3,8,6,4,4,TRUE
1251,3,9,61,47,47,TRUE
1251,3,10,72,58,58,TRUE
1251,3,11,46,14,14,TRUE
1251,3,12,11,6,6,TRUE
1251,3,13,81,65,65,TRUE
1251,3,14,32,11,11,TRUE
1251,3,15,22,8,8,TRUE
1251,3,16,19,8,8,TRUE
1251,3,17,105,34,34,TRUE
1251,3,18,89,79,79,TRUE
1251,3,19,116,65,65,TRUE
1251,3,20,77,94,94,TRUE
1251,4,1,17,7,7,TRUE
1251,4,2,8,5,5,TRUE
1251,4,3,20,8,8,TRUE
1251,4,4,82,69,69,TRUE
1251,4,5,10,5,5,TRUE
1251,4,6,98,71,72,FALSE
1251,4,7,103,58,58,TRUE
1251,4,8,53,16,16,TRUE
1251,4,9,51,15,15,TRUE
1251,4,10,118,68,67,FALSE
1251,4,11,90,59,59,TRUE
1251,4,12,48,14,14,TRUE
1251,4,13,85,69,69,TRUE
1251,4,14,99,82,82,TRUE
1251,4,15,60,18,18,TRUE
1251,4,16,43,13,13,TRUE
1251,4,17,62,77,77,TRUE
1251,4,18,7,5,5,TRUE
1251,4,19,91,81,82,FALSE
1251,4,20,84,67,67,TRUE
1251,5,1,63,69,69,TRUE
1251,5,2,110,72,72,TRUE
1251,5,3,96,54,54,TRUE
1251,5,4,58,17,17,TRUE
1251,5,5,25,9,9,TRUE
1251,5,6,87,69,69,TRUE
1251,5,7,44,15,14,FALSE
1251,5,8,76,68,68,TRUE
1251,5,9,29,10,10,TRUE
1251,5,10,54,16,16,TRUE
1251,5,11,2,3,3,TRUE
1251,5,12,97,76,76,TRUE
1251,5,13,5,4,4,TRUE
1251,5,14,35,12,12,TRUE
1251,5,15,100,66,66,TRUE
1251,5,16,92,81,82,FALSE
1251,5,17,86,73,73,TRUE
1251,5,18,9,5,5,TRUE
1251,5,19,74,66,66,TRUE
1251,5,20,39,12,12,TRUE
1251,6,1,34,11,11,TRUE
1251,6,2,57,17,17,TRUE
1251,6,3,71,78,78,TRUE
1251,6,4,73,42,42,TRUE
1251,6,5,41,13,13,TRUE
1251,6,6,108,84,84,TRUE
1251,6,7,69,48,48,TRUE
1251,6,8,21,8,8,TRUE
1251,6,9,16,7,7,TRUE
1251,6,10,49,15,15,TRUE
1251,6,11,4,4,4,TRUE
1251,6,12,102,75,74,FALSE
1251,6,13,78,72,92,FALSE
1251,6,14,114,77,77,TRUE
1251,6,15,120,73,73,TRUE
1251,6,16,112,72,72,TRUE
1251,6,17,55,16,16,TRUE
1251,6,18,12,6,6,TRUE
1251,6,19,3,3,3,TRUE
1251,6,20,70,68,68,TRUE
1251,7,1,197,94,94,TRUE
1251,7,2,231,94,94,TRUE
1251,7,3,161,13,13,TRUE
1251,7,4,164,15,14,FALSE
1251,7,5,145,9,9,TRUE
1251,7,6,180,18,18,TRUE
1251,7,7,235,71,71,TRUE
1251,7,8,224,65,64,FALSE
1251,7,9,207,69,69,TRUE
1251,7,10,129,5,5,TRUE
1251,7,11,236,65,65,TRUE
1251,7,12,187,56,56,TRUE
1251,7,13,185,74,74,TRUE
1251,7,14,184,68,68,TRUE
1251,7,15,136,7,7,TRUE
1251,7,16,179,18,18,TRUE
1251,7,17,162,13,13,TRUE
1251,7,18,134,6,6,TRUE
1251,7,19,127,5,5,TRUE
1251,7,20,226,56,56,TRUE
1251,8,1,155,12,12,TRUE
1251,8,2,230,72,72,TRUE
1251,8,3,232,72,72,TRUE
1251,8,4,234,87,77,FALSE
1251,8,5,144,9,9,TRUE
1251,8,6,177,17,17,TRUE
1251,8,7,148,10,10,TRUE
1251,8,8,209,79,79,TRUE
1251,8,9,233,72,72,TRUE
1251,8,10,199,44,44,TRUE
1251,8,11,156,12,12,TRUE
1251,8,12,132,6,6,TRUE
1251,8,13,143,9,9,TRUE
1251,8,14,196,68,68,TRUE
1251,8,15,165,14,14,TRUE
1251,8,16,206,73,73,TRUE
1251,8,17,141,8,8,TRUE
1251,8,18,151,11,11,TRUE
1251,8,19,214,82,82,TRUE
1251,8,20,198,92,92,TRUE
1251,9,1,139,8,8,TRUE
1251,9,2,153,11,11,TRUE
1251,9,3,228,84,84,TRUE
1251,9,4,229,52,52,TRUE
1251,9,5,178,18,17,FALSE
1251,9,6,140,8,8,TRUE
1251,9,7,211,82,82,TRUE
1251,9,8,171,15,15,TRUE
1251,9,9,221,72,72,TRUE
1251,9,10,149,10,10,TRUE
1251,9,11,175,16,16,TRUE
1251,9,12,137,7,7,TRUE
1251,9,13,154,11,11,TRUE
1251,9,14,205,69,69,TRUE
1251,9,15,189,48,48,TRUE
1251,9,16,135,7,7,TRUE
1251,9,17,192,58,58,TRUE
1251,9,18,191,78,78,TRUE
1251,9,19,183,69,69,TRUE
1251,9,20,237,71,71,TRUE
1251,10,1,166,14,14,TRUE
1251,10,2,201,65,65,TRUE
1251,10,3,182,77,77,TRUE
1251,10,4,130,5,5,TRUE
1251,10,5,215,82,72,FALSE
1251,10,6,176,16,16,TRUE
1251,10,7,216,54,54,TRUE
1251,10,8,220,66,66,TRUE
1251,10,9,170,15,15,TRUE
1251,10,10,186,66,66,TRUE
1251,10,11,159,12,12,TRUE
1251,10,12,213,64,64,TRUE
1251,10,13,172,15,15,TRUE
1251,10,14,138,7,7,TRUE
1251,10,15,142,8,8,TRUE
1251,10,16,122,3,3,TRUE
1251,10,17,200,56,56,TRUE
1251,10,18,131,6,6,TRUE
1251,10,19,203,87,87,TRUE
1251,10,20,218,72,72,TRUE
1251,11,1,160,13,13,TRUE
1251,11,2,124,4,4,TRUE
1251,11,3,210,59,59,TRUE
1251,11,4,212,82,82,TRUE
1251,11,5,125,4,4,TRUE
1251,11,6,158,12,12,TRUE
1251,11,7,208,59,59,TRUE
1251,11,8,152,11,11,TRUE
1251,11,9,225,34,34,TRUE
1251,11,10,123,3,3,TRUE
1251,11,11,167,14,14,TRUE
1251,11,12,126,4,4,TRUE
1251,11,13,202,69,69,TRUE
1251,11,14,239,73,73,TRUE
1251,11,15,181,47,47,TRUE
1251,11,16,194,66,66,TRUE
1251,11,17,173,17,16,FALSE
1251,11,18,219,82,82,TRUE
1251,11,19,240,73,73,TRUE
1251,11,20,121,2,2,TRUE
1251,12,1,157,12,12,TRUE
1251,12,2,223,58,58,TRUE
1251,12,3,133,6,6,TRUE
1251,12,4,238,57,67,FALSE
1251,12,5,222,75,74,FALSE
1251,12,6,150,10,10,TRUE
1251,12,7,227,72,62,FALSE
1251,12,8,188,86,86,TRUE
1251,12,9,174,16,16,TRUE
1251,12,10,195,64,64,TRUE
1251,12,11,163,13,13,TRUE
1251,12,12,217,76,76,TRUE
1251,12,13,168,14,14,TRUE
1251,12,14,204,67,67,TRUE
1251,12,15,147,10,10,TRUE
1251,12,16,146,9,9,TRUE
1251,12,17,169,15,15,TRUE
1251,12,18,193,42,42,TRUE
1251,12,19,190,70,68,FALSE
1251,12,20,128,5,5,TRUE
1252,1,1,57,17,17,TRUE
1252,1,2,11,6,6,TRUE
1252,1,3,14,6,6,TRUE
1252,1,4,17,7,7,TRUE
1252,1,5,2,3,3,TRUE
1252,1,6,48,14,14,TRUE
1252,1,7,84,67,67,TRUE
1252,1,8,52,15,15,TRUE
1252,1,9,103,50,58,FALSE
1252,1,10,111,-,94,FALSE
1252,1,11,119,-,73,FALSE
1252,1,12,90,69,59,FALSE
1252,1,13,82,69,69,TRUE
1252,1,14,70,68,68,TRUE
1252,1,15,88,59,59,TRUE
1252,1,16,13,6,6,TRUE
1252,1,17,100,-,66,FALSE
1252,1,18,37,13,12,FALSE
1252,1,19,42,73,13,FALSE
1252,1,20,120,- *,73,FALSE
1252,2,1,85,69,69,TRUE
1252,2,2,99,82,82,TRUE
1252,2,3,95,72,72,TRUE
1252,2,4,24,9,9,TRUE
1252,2,5,9,5,5,TRUE
1252,2,6,87,69,69,TRUE
1252,2,7,41,13,13,TRUE
1252,2,8,115,71,71,TRUE
1252,2,9,56,16,16,TRUE
1252,2,10,113,72,72,TRUE
1252,2,11,33,11,11,TRUE
1252,2,12,27,10,10,TRUE
1252,2,13,46,14,14,TRUE
1252,2,14,5,4,4,TRUE
1252,2,15,35,12,12,TRUE
1252,2,16,63,69,69,TRUE
1252,2,17,89,81,79,FALSE
1252,2,18,69,48,48,TRUE
1252,2,19,3,3,3,TRUE
1252,2,20,109,52,52,TRUE
1252,3,1,106,56,56,TRUE
1252,3,2,23,9,9,TRUE
1252,3,3,110,72,72,TRUE
1252,3,4,28,10,10,TRUE
1252,3,5,65,74,74,TRUE
1252,3,6,58,17,17,TRUE
1252,3,7,15,7,7,TRUE
1252,3,8,97,76,76,TRUE
1252,3,9,36,12,12,TRUE
1252,3,10,50,15,15,TRUE
1252,3,11,101,72,72,TRUE
1252,3,12,66,66,66,TRUE
1252,3,13,16,7,7,TRUE
1252,3,14,75,64,64,TRUE
1252,3,15,83,87,87,TRUE
1252,3,16,78,92,92,TRUE
1252,3,17,60,18,18,TRUE
1252,3,18,45,14,14,TRUE
1252,3,19,4,4,4,TRUE
1252,3,20,94,82,82,TRUE
1252,4,1,73,42,42,TRUE
1252,4,2,8,5,5,TRUE
1252,4,3,81,65,65,TRUE
1252,4,4,25,9,9,TRUE
1252,4,5,44,14,14,TRUE
1252,4,6,19,8,8,TRUE
1252,4,7,62,77,77,TRUE
1252,4,8,67,56,56,TRUE
1252,4,9,116,65,65,TRUE
1252,4,10,92,82,82,TRUE
1252,4,11,107,62,62,TRUE
1252,4,12,80,56,56,TRUE
1252,4,13,49,15,15,TRUE
1252,4,14,40,13,13,TRUE
1252,4,15,18,7,7,TRUE
1252,4,16,10,5,5,TRUE
1252,4,17,93,64,64,TRUE
1252,4,18,102,74,74,TRUE
1252,4,19,47,14,14,TRUE
1252,4,20,43,13,13,TRUE
1252,5,1,112,72,72,TRUE
1252,5,2,12,6,6,TRUE
1252,5,3,104,64,64,TRUE
1252,5,4,21,8,8,TRUE
1252,5,5,32,11,11,TRUE
1252,5,6,7,5,5,TRUE
1252,5,7,77,94,94,TRUE
1252,5,8,105,34,34,TRUE
1252,5,9,61,47,47,TRUE
1252,5,10,72,58,58,TRUE
1252,5,11,118,67,67,TRUE
1252,5,12,59,18,18,TRUE
1252,5,13,20,8,8,TRUE
1252,5,14,38,12,12,TRUE
1252,5,15,74,66,66,TRUE
1252,5,16,54,16,16,TRUE
1252,5,17,53,16,16,TRUE
1252,5,18,1,2,2,TRUE
1252,5,19,64,68,68,TRUE
1252,5,20,114,77,77,TRUE
1252,6,1,22,8,8,TRUE
1252,6,2,79,44,44,TRUE
1252,6,3,117,71,71,TRUE
1252,6,4,6,4,4,TRUE
1252,6,5,30,10,10,TRUE
1252,6,6,91,82,82,TRUE
1252,6,7,34,11,11,TRUE
1252,6,8,108,84,84,TRUE
1252,6,9,96,54,54,TRUE
1252,6,10,39,12,12,TRUE
1252,6,11,76,68,68,TRUE
1252,6,12,51,15,15,TRUE
1252,6,13,29,10,10,TRUE
1252,6,14,98,72,72,TRUE
1252,6,15,68,86,86,TRUE
1252,6,16,26,9,9,TRUE
1252,6,17,86,73,73,TRUE
1252,6,18,55,16,16,TRUE
1252,6,19,31,11,11,TRUE
1252,6,20,71,78,78,TRUE
1252,7,1,213,64,64,TRUE
1252,7,2,208,61,59,FALSE
1252,7,3,128,5,5,TRUE
1252,7,4,157,12,12,TRUE
1252,7,5,168,14,14,TRUE
1252,7,6,199,44,44,TRUE
1252,7,7,200,56,56,TRUE
1252,7,8,206,73,73,TRUE
1252,7,9,127,5,5,TRUE
1252,7,10,180,18,18,TRUE
1252,7,11,237,71,71,TRUE
1252,7,12,235,71,71,TRUE
1252,7,13,132,6,6,TRUE
1252,7,14,226,56,56,TRUE
1252,7,15,124,4,4,TRUE
1252,7,16,212,82,82,TRUE
1252,7,17,133,6,6,TRUE
1252,7,18,169,15,15,TRUE
1252,7,19,185,74,74,TRUE
1252,7,20,178,17,17,TRUE
1252,8,1,230,72,72,TRUE
1252,8,2,175,16,16,TRUE
1252,8,3,188,86,86,TRUE
1252,8,4,202,69,69,TRUE
1252,8,5,164,14,14,TRUE
1252,8,6,138,7,7,TRUE
1252,8,7,163,13,13,TRUE
1252,8,8,151,11,11,TRUE
1252,8,9,162,13,13,TRUE
1252,8,10,195,64,64,TRUE
1252,8,11,216,54,54,TRUE
1252,8,12,190,68,68,TRUE
1252,8,13,121,2,2,TRUE
1252,8,14,149,10,10,TRUE
1252,8,15,191,78,78,TRUE
1252,8,16,238,67,67,TRUE
1252,8,17,229,52,52,TRUE
1252,8,18,147,10,10,TRUE
1252,8,19,225,34,34,TRUE
1252,8,20,126,4,4,TRUE
1252,9,1,234,77,77,TRUE
1252,9,2,166,14,14,TRUE
1252,9,3,171,15,15,TRUE
1252,9,4,221,72,72,TRUE
1252,9,5,134,6,6,TRUE
1252,9,6,142,8,8,TRUE
1252,9,7,172,15,15,TRUE
1252,9,8,203,87,87,TRUE
1252,9,9,189,48,48,TRUE
1252,9,10,139,8,8,TRUE
1252,9,11,186,66,66,TRUE
1252,9,12,205,69,69,TRUE
1252,9,13,211,82,82,TRUE
1252,9,14,160,13,13,TRUE
1252,9,15,148,10,10,TRUE
1252,9,16,232,72,72,TRUE
1252,9,17,140,8,8,TRUE
1252,9,18,153,11,11,TRUE
1252,9,19,204,67,67,TRUE
1252,9,20,215,72,72,TRUE
1252,10,1,137,7,7,TRUE
1252,10,2,129,5,5,TRUE
1252,10,3,210,59,59,TRUE
1252,10,4,159,12,12,TRUE
1252,10,5,192,58,58,TRUE
1252,10,6,209,79,79,TRUE
1252,10,7,223,58,58,TRUE
1252,10,8,194,66,66,TRUE
1252,10,9,141,8,8,TRUE
1252,10,10,131,6,6,TRUE
1252,10,11,233,72,72,TRUE
1252,10,12,167,14,14,TRUE
1252,10,13,177,17,17,TRUE
1252,10,14,135,7,7,TRUE
1252,10,15,170,15,15,TRUE
1252,10,16,220,66,66,TRUE
1252,10,17,183,69,69,TRUE
1252,10,18,165,14,14,TRUE
1252,10,19,219,82,82,TRUE
1252,10,20,214,82,82,TRUE
1252,11,1,207,69,69,TRUE
1252,11,2,143,9,9,TRUE
1252,11,3,217,76,76,TRUE
1252,11,4,182,77,77,TRUE
1252,11,5,197,94,94,TRUE
1252,11,6,240,73,73,TRUE
1252,11,7,122,3,3,TRUE
1252,11,8,174,16,16,TRUE
1252,11,9,156,12,12,TRUE
1252,11,10,198,92,92,TRUE
1252,11,11,130,5,5,TRUE
1252,11,12,154,11,11,TRUE
1252,11,13,146,9,9,TRUE
1252,11,14,173,16,16,TRUE
1252,11,15,228,84,84,TRUE
1252,11,16,201,65,65,TRUE
1252,11,17,224,64,64,TRUE
1252,11,18,144,9,9,TRUE
1252,11,19,176,16,16,TRUE
1252,11,20,218,72,72,TRUE
1252,12,1,179,18,18,TRUE
1252,12,2,150,10,10,TRUE
1252,12,3,158,12,12,TRUE
1252,12,4,222,74,74,TRUE
1252,12,5,236,65,65,TRUE
1252,12,6,125,4,4,TRUE
1252,12,7,239,73,73,TRUE
1252,12,8,161,13,13,TRUE
1252,12,9,136,7,7,TRUE
1252,12,10,231,94,94,TRUE
1252,12,11,155,12,12,TRUE
1252,12,12,187,56,56,TRUE
1252,12,13,196,68,68,TRUE
1252,12,14,181,47,47,TRUE
1252,12,15,184,68,68,TRUE
1252,12,16,145,9,9,TRUE
1252,12,17,123,3,3,TRUE
1252,12,18,152,11,11,TRUE
1252,12,19,193,42,42,TRUE
1252,12,20,227,62,62,TRUE
